Date,Rot,VH,Team,Pitcher,1st,2nd,3rd,4th,5th,6th,7th,8th,9th,Final,Open,Close,RL,OpenOU,,CloseOU,
320,901,N,SEA,MGONZALES-L,0,0,5,1,3,0,0,0,0,9,107,120,+1.5(-160),8.5,-110,8.5,-120
320,902,N,OAK,MFIERS-R,1,1,2,0,0,0,3,0,0,7,-127,-130,-1.5(+140),8.5,-110,8.5,100
321,903,N,SEA,YKIKUCHI-L,0,2,1,0,0,0,1,0,0,5,109,-125,+1.5(-262),9,-110,9,-130
321,904,N,OAK,MESTRADA-R,0,0,0,0,2,0,2,0,0,4,-129,115,-1.5(+216),9,-110,9,110
328,905,V,NYM,JDEGROM-R,1,0,0,0,0,0,0,1,0,2,110,115,+1.5(-215),6.5,-110,6.5,-105
328,906,H,WAS,MSCHERZER-R,0,0,0,0,0,0,0,0,0,0,-121,-125,-1.5(+180),6.5,-110,6.5,-115
328,907,V,STL,MMIKOLAS-R,0,3,0,0,0,0,1,0,0,4,104,104,+1.5(-205),8.5,-110,8.5,-120
328,908,H,MIL,JCHACIN-R,0,1,3,0,1,0,0,0,x,5,-114,-114,-1.5(+172),8.5,-110,8.5,100
328,909,V,ATL,JTEHERAN-R,0,1,0,0,0,0,2,1,0,4,170,170,+1.5(-130),7.5,-110,8,-105
328,910,H,PHI,ANOLA-R,1,0,0,2,0,3,4,0,x,10,-190,-185,-1.5(+110),7.5,-110,8,-115
328,911,V,PIT,JTAILLON-R,0,0,0,0,0,2,0,1,0,3,105,107,+1.5(-215),8,-110,8.5,-105
328,912,H,CIN,LCASTILLO-R,0,1,0,0,0,0,4,0,x,5,-115,-117,-1.5(+180),8,-110,8.5,-115
328,913,V,ARI,ZGREINKE-R,0,0,0,0,0,1,1,0,3,5,144,155,+1.5(-145),7.5,-110,7,-120
328,914,H,LAD,HRYU-L,1,2,0,4,0,2,3,0,x,12,-160,-165,-1.5(+125),7.5,-110,7,100
328,915,V,SFO,MBUMGARNER-L,0,0,0,0,0,0,0,0,0,0,-114,117,+1.5(-190),8,-110,7.5,-105
328,916,H,SDG,ELAUER-L,0,0,1,0,0,1,0,0,x,2,104,-127,-1.5(+162),8,-110,7.5,-115
328,917,V,COL,KFREELAND-L,0,0,0,4,2,0,0,0,0,6,-145,-135,-1.5(+120),7.5,-110,7.5,-105
328,918,H,MIA,JURENA-R,0,0,0,0,0,1,0,1,1,3,131,125,+1.5(-140),7.5,-110,7.5,-115
328,919,V,BAL,ACASHNER-R,0,0,0,1,0,1,0,0,0,2,296,320,+1.5(+161),9,-110,9,110
328,920,H,NYY,MTANAKA-R,3,0,1,0,2,0,0,1,x,7,-340,-380,-1.5(-188),9,-110,9,-130
328,921,V,DET,JZIMMERMANN-R,0,0,0,0,0,0,0,0,0,2,126,132,+1.5(-152),9,-110,8.5,-120
328,922,H,TOR,MSTROMAN-R,0,0,0,0,0,0,0,0,0,0,-140,-142,-1.5(+133),9,-110,8.5,100
328,923,V,HOU,JVERLANDER-R,0,0,3,1,1,0,0,0,0,5,-121,-128,-1.5(+133),6.5,-110,7,100
328,924,H,TAM,BSNELL-L,1,0,0,0,0,0,0,0,0,1,110,118,+1.5(-152),6.5,-110,7,-120
328,925,V,LAA,TCAHILL-R,0,0,0,0,0,0,0,0,0,0,110,-108,-1.5(+144),9,-110,8.5,-115
328,926,H,OAK,MFIERS-R,0,1,1,1,0,1,0,0,x,4,-121,-102,+1.5(-165),9,-110,8.5,-105
328,927,V,CLE,CKLUBER-R,0,0,0,0,0,0,0,0,0,0,-135,107,+1.5(-210),7.5,-110,7.5,110
328,928,H,MIN,JBERRIOS-R,0,0,0,0,0,0,2,0,x,2,122,-117,-1.5(+176),7.5,-110,7.5,-130
328,929,V,CWS,CRODON-L,0,0,0,0,0,0,0,0,3,3,104,106,+1.5(-195),8.5,-110,8.5,-105
328,930,H,KAN,BKELLER-R,0,0,0,1,0,2,2,0,x,5,-114,-116,-1.5(+166),8.5,-110,8.5,-115
328,931,V,BOS,CSALE-L,1,1,0,0,0,2,0,0,0,4,-185,-210,-1.5(-125),7,-110,7,-110
328,932,H,SEA,MGONZALES-L,0,3,4,0,1,2,2,0,x,12,166,190,+1.5(+105),7,-110,7,-110
328,933,V,CUB,JLESTER-L,0,0,0,1,6,2,1,2,0,12,-135,-115,-1.5(+132),9.5,-110,9.5,100
328,934,H,TEX,MMINOR-L,0,0,2,0,0,0,0,0,2,4,122,105,+1.5(-152),9.5,-110,9.5,-120
329,951,V,COL,GMARQUEZ-R,0,0,0,0,0,1,1,0,4,6,-155,-152,-1.5(+105),7.5,-110,7,-110
329,952,H,MIA,TRICHARDS-R,0,0,0,1,0,0,0,0,0,1,135,142,+1.5(-126),7.5,-110,7,-110
329,953,V,STL,JFLAHERTY-R,3,0,0,1,0,1,3,1,0,9,106,-108,-1.5(+140),8.5,-110,8.5,105
329,954,H,MIL,FPERALTA-R,0,0,3,1,0,0,0,1,0,5,-126,-102,+1.5(-160),8.5,-110,8.5,-125
329,955,V,SFO,DHOLLAND-L,0,0,0,0,0,0,0,0,1,1,130,145,+1.5(-150),7.5,-110,7.5,100
329,956,H,SDG,JLUCCHESI-L,0,2,1,0,1,0,0,0,x,4,-150,-155,-1.5(+130),7.5,-110,7.5,-120
329,957,V,ARI,RRAY-L,0,0,0,0,0,0,3,1,0,5,144,160,+1.5(-145),7.5,-110,7,-115
329,958,H,LAD,RSTRIPLING-R,0,1,2,0,0,0,1,0,0,4,-165,-170,-1.5(+125),7.5,-110,7,-105
329,959,V,DET,MBOYD-L,0,0,0,0,0,0,0,0,0,0,115,111,+1.5(-180),9,-110,9,100
329,960,H,TOR,MSHOEMAKER-R,0,0,0,4,0,0,2,0,x,6,-135,-121,-1.5(+155),9,-110,9,-120
329,961,V,HOU,GCOLE-R,0,0,2,0,0,0,0,0,0,2,-145,-138,-1.5(+118),7,-110,7,-125
329,962,H,TAM,CMORTON-R,0,0,3,0,0,1,0,0,x,4,125,128,+1.5(-138),7,-110,7,105
329,963,V,LAA,MHARVEY-R,0,0,0,0,0,0,0,4,2,6,101,-109,-1.5(+151),8,-110,8.5,-120
329,964,H,OAK,MESTRADA-R,0,0,0,0,0,2,0,0,0,2,-121,-101,+1.5(-175),8,-110,8.5,100
329,965,V,BOS,NEOVALDI-R,0,1,0,0,1,1,0,1,3,7,-150,-139,-1.5(+115),8,-110,8,100
329,966,H,SEA,YKIKUCHI-L,2,1,0,3,0,0,0,0,0,6,130,129,+1.5(-135),8,-110,8,-120
330,901,V,NYM,NSYNDERGAARD-R,3,1,0,0,0,0,0,4,3,11,110,102,+1.5(-220),7,-110,7.5,-105
330,902,H,WAS,SSTRASBURG-R,1,0,2,0,0,1,0,0,4,8,-130,-112,-1.5(+184),7,-110,7.5,-115
330,905,V,ATL,BWILSON-R,1,2,0,0,1,0,0,0,2,6,125,135,+1.5(-160),8.5,-110,9,-120
330,906,H,PHI,NPIVETTA-R,0,1,0,3,2,0,1,1,x,8,-145,-145,-1.5(+140),8.5,-110,9,100
330,907,V,COL,TANDERSON-L,0,0,2,0,0,1,0,0,0,3,-145,-128,-1.5(+124),8,-110,7.5,105
330,908,H,MIA,PLOPEZ-R,0,2,0,3,0,0,2,0,x,7,125,118,+1.5(-144),8,-110,7.5,-125
330,909,V,STL,DHUDSON-R,0,0,1,1,0,0,0,0,0,2,105,122,+1.5(-170),8.5,-110,9,-105
330,910,H,MIL,BWOODRUFF-R,1,0,3,0,0,0,0,0,x,4,-125,-132,-1.5(+147),8.5,-110,9,-115
330,911,V,SFO,DRODRIGUEZ-R,0,0,0,0,0,3,0,0,0,3,105,120,+1.5(-190),7.5,-110,7.5,-125
330,912,H,SDG,NMARGEVICIUS-L,0,0,0,0,0,2,0,0,0,2,-125,-130,-1.5(+163),7.5,-110,7.5,105
330,913,V,ARI,ZGODLEY-R,1,0,0,0,1,0,1,2,0,5,151,177,+1.5(-120),7.5,-110,7.5,-120
330,914,H,LAD,KMAEDA-R,1,0,4,0,1,5,0,7,x,18,-175,-194,-1.5(+100),7.5,-110,7.5,100
330,915,V,BAL,NKARNS-R,0,0,0,0,0,2,1,0,2,5,299,340,+1.5(+155),8.5,-110,8.5,-105
330,916,H,NYY,JPAXTON-L,0,0,0,1,0,0,0,0,2,3,-375,-410,-1.5(-180),8.5,-110,8.5,-115
330,917,V,CLE,TBAUER-R,0,0,0,1,0,0,0,0,1,2,-110,-120,-1.5(+135),8,-110,7,-110
330,918,H,MIN,JODORIZZI-R,0,0,0,1,0,0,0,0,0,1,-110,110,+1.5(-155),8,-110,7,-110
330,919,V,CWS,RLOPEZ-R,0,0,0,0,0,3,3,0,0,6,-105,120,+1.5(-180),8.5,-110,7.5,-105
330,920,H,KAN,JJUNIS-R,0,0,3,0,1,4,0,0,x,8,-115,-130,-1.5(+155),8.5,-110,7.5,-115
330,921,V,DET,STURNBULL-R,0,0,0,0,0,0,0,0,0,0,120,116,+1.5(-183),9,-110,8.5,-120
330,922,H,TOR,ASANCHEZ-R,0,0,0,3,0,0,0,0,x,3,-140,-126,-1.5(+158),9,-110,8.5,100
330,923,V,HOU,CMCHUGH-R,1,0,0,0,0,0,0,0,0,1,-130,-118,-1.5(+141),7.5,-110,8,-125
330,924,H,TAM,TGLASNOW-R,0,0,0,0,2,0,0,1,x,3,110,108,+1.5(-161),7.5,-110,8,105
330,925,V,LAA,FPENA-R,0,0,0,0,0,0,0,2,0,2,105,109,+1.5(-195),8.5,-110,8.5,-105
330,926,H,OAK,BANDERSON-L,0,0,2,2,0,0,0,0,x,4,-125,-119,-1.5(+166),8.5,-110,8.5,-115
330,927,V,BOS,ERODRIGUEZ-L,0,1,1,0,0,0,0,0,3,5,-150,-158,-1.5(-112),8.5,-110,8.5,100
330,928,H,SEA,MLEAKE-R,2,0,0,1,3,0,0,0,x,6,130,148,+1.5(-108),8.5,-110,8.5,-120
330,929,V,CUB,YDARVISH-R,3,0,1,0,2,0,0,0,0,6,-150,-155,-1.5(-115),9.5,-110,9.5,100
330,930,H,TEX,EVOLQUEZ-R,0,1,2,0,0,0,2,3,x,8,130,145,+1.5(-105),9.5,-110,9.5,-120
331,951,V,PIT,JMUSGROVE-R,1,1,1,0,0,0,0,2,0,5,120,125,+1.5(-180),8.5,-119,8,-115
331,952,H,CIN,SGRAY-R,0,0,0,0,0,0,0,0,0,0,-140,-135,-1.5(+155),8.5,-101,8,-105
331,953,V,COL,JGRAY-R,0,0,0,0,0,0,0,0,0,0,-150,-158,-1.5(+110),7.5,-119,7.5,-105
331,954,H,MIA,SALCANTARA-R,0,0,0,2,0,0,1,0,x,3,130,148,+1.5(-130),7.5,-101,7.5,-115
331,955,V,NYM,ZWHEELER-R,0,0,1,0,0,1,0,3,0,5,110,155,+1.5(-145),7.5,-119,7,-110
331,956,H,WAS,PCORBIN-L,0,0,3,0,1,1,0,0,1,6,-130,-165,-1.5(+125),7.5,-101,7,-110
331,957,V,STL,MWACHA-R,0,0,0,2,2,0,0,0,0,4,100,100,+1.5(-215),8,-110,9,105
331,958,H,MIL,CBURNES-R,1,0,0,0,0,0,2,0,2,5,-120,-110,-1.5(+180),8,-110,9,-125
331,959,V,ARI,LWEAVER-R,0,0,0,7,0,0,0,0,0,7,192,177,+1.5(-125),7.5,-115,7.5,-110
331,960,H,LAD,WBUEHLER-R,3,0,1,1,0,0,0,3,x,8,-230,-194,-1.5(+105),7.5,-105,7.5,-110
331,961,V,SFO,JSAMARDZIJA-R,0,0,0,0,1,0,0,0,0,1,125,162,+1.5(-131),8,-120,7.5,-105
331,962,H,SDG,CPADDACK-R,0,0,0,0,1,0,1,1,x,3,-145,-174,-1.5(+111),8,100,7.5,-115
331,963,V,ATL,KWRIGHT-R,0,0,1,0,0,0,0,0,0,1,130,130,+1.5(-159),8.5,-119,8,-120
331,964,H,PHI,JARRIETA-R,0,0,1,0,2,0,2,0,x,5,-150,-140,-1.5(+139),8.5,-101,8,100
331,965,V,BAL,DBUNDY-R,3,0,1,0,1,0,0,2,0,7,281,280,+1.5(+129),9,-101,8.5,-105
331,966,H,NYY,JHAPP-L,0,0,0,3,0,0,1,0,1,5,-350,-320,-1.5(-149),9,-119,8.5,-115
331,967,V,DET,MMOORE-L,0,0,0,0,0,0,3,0,0,4,115,142,+1.5(-135),9,-120,9,-115
331,968,H,TOR,TTHORNTON-R,0,0,0,0,0,0,0,3,0,3,-135,-152,-1.5(+115),9,100,9,-105
331,969,V,HOU,WMILEY-L,0,0,1,0,0,0,0,0,0,1,-119,-113,-1.5(+140),8,-110,8.5,-110
331,970,H,TAM,YCHIRINOS-R,1,0,2,0,0,0,0,0,x,3,-101,103,+1.5(-160),8,-110,8.5,-110
331,971,V,CLE,CCARRASCO-R,0,0,0,0,0,0,0,3,0,3,-115,-110,-1.5(+148),7,-120,7,-115
331,972,H,MIN,MPINEDA-R,0,1,0,2,5,0,0,1,x,9,-105,100,+1.5(-170),7,100,7,-105
331,973,V,CWS,LGIOLITO-R,0,0,0,2,0,2,2,0,0,6,-105,117,+1.5(-180),9,-110,8,-120
331,974,H,KAN,JLOPEZ-R,0,0,0,0,0,0,2,1,0,3,-115,-127,-1.5(+155),9,-110,8,100
331,975,V,LAA,TSKAGGS-L,0,0,0,0,0,1,0,0,0,1,-110,114,+1.5(-190),9,-101,8.5,-105
331,976,H,OAK,FMONTAS-R,0,0,0,1,1,0,0,0,x,2,-110,-124,-1.5(+163),9,-119,8.5,-115
331,977,V,BOS,RPORCELLO-R,3,0,0,3,0,1,0,0,1,8,-150,-136,-1.5(+120),9,100,8,-120
331,978,H,SEA,WLEBLANC-L,0,2,7,1,0,0,0,0,x,10,130,126,+1.5(-140),9,-120,8,100
331,979,V,CUB,CHAMELS-L,0,1,2,1,0,4,0,2,0,10,-155,-130,-1.5(+120),9.5,-101,8.5,-120
331,980,H,TEX,LLYNN-R,0,0,0,5,0,1,4,0,1,11,135,120,+1.5(-140),9.5,-119,8.5,100
401,901,V,STL,AWAINWRIGHT-R,0,0,0,0,0,0,3,1,1,6,110,116,+1.5(-200),8,100,7.5,105
401,902,H,PIT,CARCHER-R,3,0,1,0,0,0,0,1,0,5,-130,-126,-1.5(+170),8,-120,7.5,-125
401,903,V,MIL,ZDAVIES-R,3,0,0,0,0,0,0,0,1,4,105,-109,-1.5(+148),8.5,-110,8.5,-125
401,904,H,CIN,TROARK-R,0,0,0,0,2,1,0,0,0,3,-125,-101,+1.5(-170),8.5,-110,8.5,105
401,905,V,CUB,KHENDRICKS-R,0,0,0,0,0,0,0,0,0,0,-115,100,+1.5(-210),8.5,100,8,-115
401,906,H,ATL,SNEWCOMB-L,4,0,1,0,2,1,0,0,x,8,-105,-110,-1.5(+176),8.5,-120,8,-105
401,907,V,NYM,SMATZ-L,0,1,0,1,0,0,1,0,4,7,-150,-125,-1.5(+124),8,100,7.5,-105
401,908,H,MIA,CSMITH-L,2,0,0,0,0,1,0,0,0,3,130,115,+1.5(-144),8,-120,7.5,-115
401,909,V,SFO,DPOMERANZ-L,0,0,0,0,0,1,3,0,0,4,172,185,+1.5(-117),8,-109,7.5,-115
401,910,H,LAD,JURIAS-L,0,0,0,0,2,0,0,0,0,2,-205,-205,-1.5(-103),8,-111,7.5,-105
401,911,V,ARI,MKELLY-R,2,1,2,0,4,0,1,0,0,10,140,155,+1.5(-145),7.5,-110,7.5,-115
401,912,H,SDG,MSTRAHM-L,0,0,0,0,0,3,0,0,0,3,-160,-165,-1.5(+125),7.5,-110,7.5,-105
401,913,V,CWS,INOVA-R,0,0,0,0,0,0,0,3,0,3,148,150,+1.5(-150),7.5,100,7.5,-105
401,914,H,CLE,MCLEVINGER-R,0,0,0,0,0,1,0,4,x,5,-170,-160,-1.5(+130),7.5,-120,7.5,-115
401,915,V,DET,TROSS-R,0,0,0,1,0,0,0,0,0,1,176,190,+1.5(-104),9,100,8.5,-115
401,916,H,NYY,DGERMAN-R,0,1,1,0,1,0,0,0,x,3,-210,-210,-1.5(-116),9,-120,8.5,-105
401,917,V,BAL,DHESS-R,4,1,0,0,0,0,1,0,0,6,144,163,+1.5(-135),9,-105,9,105
401,918,H,TOR,SREID-FOLEY-R,0,0,0,0,0,0,2,1,2,5,-165,-176,-1.5(+115),9,-115,9,-125
401,919,V,HOU,BPEACOCK-R,1,0,0,0,0,1,0,0,0,2,-165,-165,-1.5(-123),9.5,-110,9.5,-110
401,920,H,TEX,DSMYLY-L,0,0,1,0,0,0,0,0,0,1,144,155,+1.5(+103),9.5,-110,9.5,-110
401,921,V,BOS,DPRICE-L,0,0,0,0,0,0,0,0,0,0,-140,-140,-1.5(+110),8,-110,9,-105
401,922,H,OAK,ABROOKS-R,0,1,1,0,0,2,0,3,x,7,120,130,+1.5(-130),8,-110,9,-115
401,923,V,LAA,CSTRATTON-R,0,1,0,2,0,0,0,0,0,3,-110,-103,+1.5(-210),8.5,-120,9,-105
401,924,H,SEA,FHERNANDEZ-R,4,0,0,0,0,0,2,0,x,6,-110,-107,-1.5(+176),8.5,100,9,-115
401,925,V,COL,CBETTIS-R,0,0,0,0,0,1,0,0,0,1,118,135,+1.5(-155),9,-110,8.5,-120
401,926,H,TAM,RSTANEK-R,0,0,0,3,0,3,1,0,x,7,-138,-145,-1.5(+135),9,-110,8.5,100
402,951,V,MIL,JCHACIN-R,0,0,1,0,0,3,0,0,0,4,-121,-110,-1.5(+144),8.5,-105,9,100
402,952,H,CIN,ADESCLAFANI-R,0,0,0,1,0,1,0,1,0,3,101,100,+1.5(-165),8.5,-115,9,-120
402,953,V,PHI,ZEFLIN-R,0,1,0,1,0,4,0,2,0,8,173,165,+1.5(-137),7,-110,7,-125
402,954,H,WAS,MSCHERZER-R,0,0,0,0,0,2,0,0,0,2,-206,-180,-1.5(+117),7,-110,7,105
402,955,V,NYM,JVARGAS-L,5,0,0,0,0,0,1,0,0,6,-126,-136,-1.5(+115),8,-110,8,-120
402,956,H,MIA,JURENA-R,1,0,0,0,1,0,2,1,0,5,106,126,+1.5(-135),8,-110,8,100
402,957,V,ARI,ZGREINKE-R,0,0,0,4,0,2,1,1,0,8,-111,106,+1.5(-220),7,-110,7.5,100
402,958,H,SDG,ELAUER-L,2,0,0,0,0,1,2,0,0,5,-109,-116,-1.5(+184),7,-110,7.5,-120
402,959,V,SFO,MBUMGARNER-L,0,0,0,0,0,2,0,0,3,5,152,146,+1.5(-155),7,-110,7,-105
402,960,H,LAD,HRYU-L,0,0,5,0,0,0,1,0,x,6,-176,-156,-1.5(+135),7,-110,7,-115
402,961,V,DET,JZIMMERMANN-R,0,0,0,0,0,1,0,0,2,3,208,205,+1.5(-110),8,-110,7.5,-120
402,962,H,NYY,MTANAKA-R,0,1,0,0,0,0,0,0,0,1,-251,-230,-1.5(-110),8,-110,7.5,100
402,963,V,BAL,ACASHNER-R,0,0,0,0,0,2,0,0,0,2,177,162,+1.5(-125),8.5,-120,8.5,-105
402,964,H,TOR,MSTROMAN-R,0,0,0,0,0,0,0,0,1,1,-211,-174,-1.5(+105),8.5,100,8.5,-115
402,965,V,HOU,JVERLANDER-R,1,1,0,0,1,1,0,0,0,4,-221,-220,-1.5(-155),9,-110,9,100
402,966,H,TEX,SMILLER-R,0,2,0,0,2,0,2,0,x,6,184,200,+1.5(+135),9,-110,9,-120
402,967,V,MIN,JBERRIOS-R,0,0,0,1,2,0,0,0,1,5,-141,-145,-1.5(+110),7.5,100,7,-120
402,968,H,KAN,BKELLER-R,1,0,0,1,0,1,0,1,0,4,121,135,+1.5(-130),7.5,-120,7,100
402,969,V,BOS,CSALE-L,0,0,0,0,0,0,0,0,0,0,-171,-170,-1.5(-110),7,-120,8,-105
402,970,H,OAK,MFIERS-R,1,0,0,0,0,0,0,0,x,1,148,160,+1.5(-110),7,100,8,-115
402,971,V,LAA,TCAHILL-R,0,1,0,0,0,0,0,0,0,1,101,100,+1.5(-200),8.5,-110,8.5,100
402,972,H,SEA,MGONZALES-L,0,0,0,0,0,1,0,1,x,2,-121,-110,-1.5(+170),8.5,-110,8.5,-120
402,973,V,COL,KFREELAND-L,0,0,0,0,0,0,0,0,0,0,131,160,+1.5(-143),7,100,7,-105
402,974,H,TAM,BSNELL-L,3,0,0,0,0,1,0,0,x,4,-151,-170,-1.5(+123),7,-120,7,-115
403,901,V,MIL,FPERALTA-R,0,1,0,0,0,0,0,0,0,1,-109,118,+1.5(-185),8.5,-110,8.5,-105
403,902,H,CIN,LCASTILLO-R,0,0,0,0,0,0,0,0,0,0,-111,-128,-1.5(+160),8.5,-110,8.5,-115
403,903,V,PHI,ANOLA-R,2,0,0,2,0,0,0,4,0,8,-130,-135,-1.5(+115),7.5,-110,8,-110
403,904,H,WAS,ASANCHEZ-R,3,0,3,0,0,0,0,2,1,9,110,125,+1.5(-135),7.5,-110,8,-110
403,905,V,ARI,RRAY-L,0,0,0,0,0,0,0,0,1,1,115,132,+1.5(-185),7.5,-110,7,-110
403,906,H,SDG,JLUCCHESI-L,0,0,0,0,1,1,2,0,x,4,-135,-142,-1.5(+160),7.5,-110,7,-110
403,907,V,NYM,JDEGROM-R,0,1,2,0,0,0,1,2,0,6,-215,-210,-1.5(-118),7,-110,6.5,-110
403,908,H,MIA,TRICHARDS-R,0,0,0,0,0,0,0,0,4,4,180,190,+1.5(-102),7,-110,6.5,-110
403,909,V,STL,MMIKOLAS-R,0,0,0,0,0,0,1,2,0,5,-110,-104,+1.5(-225),7.5,-110,7.5,105
403,910,H,PIT,JTAILLON-R,0,2,1,0,0,0,0,0,0,4,-110,-106,-1.5(+188),7.5,-110,7.5,-125
403,911,V,CUB,JLESTER-L,0,1,0,0,0,2,1,0,0,4,-115,120,+1.5(-175),8.5,-110,9,100
403,912,H,ATL,JTEHERAN-R,0,0,2,0,0,0,0,4,x,6,-105,-130,-1.5(+151),8.5,-110,9,-120
403,913,V,SFO,DHOLLAND-L,0,0,0,3,0,0,0,0,0,3,180,175,+1.5(-120),7.5,-110,7,-105
403,914,H,LAD,RSTRIPLING-R,2,0,0,0,0,0,2,1,x,5,-215,-190,-1.5(+100),7.5,-110,7,-115
403,915,V,CWS,CRODON-L,3,1,0,2,0,0,0,2,0,8,166,170,+1.5(-130),7,-110,6.5,-125
403,916,H,CLE,CKLUBER-R,1,0,0,0,0,0,0,0,2,3,-195,-185,-1.5(+110),7,-110,6.5,105
403,917,V,MIN,KGIBSON-R,0,1,0,2,0,1,0,2,1,7,-145,-130,-1.5(+120),8.5,-110,8.5,-125
403,918,H,KAN,HBAILEY-R,1,0,0,0,5,0,0,0,0,6,125,120,+1.5(-140),8.5,-110,8.5,105
403,919,V,DET,MBOYD-L,0,0,0,1,0,0,0,1,0,2,163,163,+1.5(-125),8.5,-110,9.5,105
403,920,H,NYY,JLOAISIGA-R,0,0,1,0,0,0,0,0,0,1,-190,-176,-1.5(+105),8.5,-110,9.5,-125
403,921,V,BAL,NKARNS-R,0,0,0,0,0,0,0,0,3,3,144,140,+1.5(-155),9,-110,8.5,100
403,922,H,TOR,MSHOEMAKER-R,1,0,1,0,0,0,0,3,x,5,-165,-150,-1.5(+135),9,-110,8.5,-120
403,923,V,HOU,GCOLE-R,0,0,0,0,0,0,0,0,0,0,-165,-210,-1.5(-140),9,-110,9,-105
403,924,H,TEX,MMINOR-L,1,0,0,2,0,0,0,1,x,4,144,190,+1.5(+120),9,-110,9,-115
403,925,V,BOS,NEOVALDI-R,0,0,0,0,1,2,0,0,3,6,-130,-140,-1.5(+114),8.5,-110,8.5,-115
403,926,H,OAK,MESTRADA-R,0,1,0,2,0,0,0,0,0,3,110,130,+1.5(-134),8.5,-110,8.5,-105
403,927,V,COL,GMARQUEZ-R,0,0,0,0,0,0,0,0,0,1,112,114,+1.5(-200),7,-110,6.5,-125
403,928,H,TAM,CMORTON-R,0,0,0,0,0,0,0,0,0,0,-132,-124,-1.5(+170),7,-110,6.5,105
404,951,V,WAS,SSTRASBURG-R,0,1,0,0,0,1,0,0,2,4,115,120,+1.5(-200),6.5,-119,6.5,-120
404,952,H,NYM,NSYNDERGAARD-R,0,0,0,0,0,0,0,0,0,0,-135,-130,-1.5(+170),6.5,-101,6.5,100
404,955,V,CIN,TMAHLE-R,0,0,0,0,0,0,0,0,0,0,105,-110,-1.5(+148),7.5,-119,8,-115
404,956,H,PIT,JLYLES-R,0,0,0,0,0,0,1,1,x,2,-125,100,+1.5(-170),7.5,-101,8,-105
404,957,V,CUB,YDARVISH-R,0,0,0,0,0,0,0,0,4,4,100,112,+1.5(-190),9,-101,9,100
404,958,H,ATL,MFRIED-L,0,0,0,1,5,0,1,2,x,9,-120,-122,-1.5(+163),9,-119,9,-120
404,959,V,KAN,JJUNIS-R,1,0,1,0,1,0,0,1,0,4,-110,-109,-1.5(+148),7.5,-119,7.5,-115
404,960,H,DET,STURNBULL-R,2,0,0,0,1,0,2,0,x,5,-110,-101,+1.5(-170),7.5,-101,7.5,-105
404,963,V,NYY,JPAXTON-L,0,0,1,0,0,4,0,0,3,8,-200,-215,-1.5(-140),8,-119,7.5,-120
404,964,H,BAL,ACOBB-R,3,0,0,0,1,0,0,0,0,4,170,195,+1.5(+120),8,-101,7.5,100
404,965,V,BOS,ERODRIGUEZ-L,2,0,1,0,0,0,0,0,0,3,-120,-118,-1.5(+140),8.5,100,8,-115
404,966,H,OAK,BANDERSON-L,0,0,3,3,0,1,0,0,x,7,100,108,+1.5(-160),8.5,-120,8,-105
404,967,V,TOR,ASANCHEZ-R,0,0,0,0,0,0,0,0,1,1,144,180,+1.5(-127),7,-110,6.5,-115
404,968,H,CLE,TBAUER-R,0,0,0,2,0,0,2,0,x,4,-165,-200,-1.5(+109),7,-110,6.5,-105
404,969,V,TEX,EVOLQUEZ-R,5,0,1,0,3,0,0,2,0,11,130,150,+1.5(-136),8,-119,9,-110
404,970,H,LAA,MHARVEY-R,1,0,1,0,0,1,0,0,1,4,-150,-160,-1.5(+116),8,-101,9,-110
405,901,V,LAD,KMAEDA-R,0,0,1,1,4,1,2,0,1,10,-130,-130,-1.5(+115),-120,100,-120,100
405,902,H,COL,TANDERSON-L,0,0,1,0,0,0,3,0,2,6,110,120,+1.5(-135),-120,-120,-120,-120
405,903,V,CIN,SGRAY-R,0,0,0,0,0,0,0,0,0,0,105,126,+1.5(-170),8,-105,8,100
405,904,H,PIT,JMUSGROVE-R,0,0,0,0,0,0,1,1,x,2,-125,-136,-1.5(+148),8,-115,8,-120
405,905,V,MIA,PLOPEZ-R,0,0,0,0,0,0,0,0,0,0,151,150,+1.5(-135),8.5,-105,8,-115
405,906,H,ATL,KGAUSMAN-R,0,0,0,4,0,0,0,0,x,4,-175,-160,-1.5(+115),8.5,-115,8,-105
405,907,V,CUB,JQUINTANA-L,0,0,0,4,1,0,0,2,3,10,120,115,+1.5(-185),8.5,-119,8.5,-120
405,908,H,MIL,BWOODRUFF-R,2,4,2,0,2,0,3,0,x,13,-140,-125,-1.5(+160),8.5,-101,8.5,100
405,909,V,TOR,TTHORNTON-R,0,0,0,0,2,0,0,0,0,2,120,130,+1.5(-172),7,-120,7.5,105
405,910,H,CLE,SBIEBER-R,0,0,1,0,1,0,0,0,1,3,-140,-140,-1.5(+150),7,100,7.5,-125
405,911,V,OAK,FMONTAS-R,0,0,0,1,0,0,0,0,1,2,144,145,+1.5(-140),8.5,-110,8.5,-120
405,912,H,HOU,CMCHUGH-R,0,0,1,1,0,0,1,0,x,3,-165,-155,-1.5(+120),8.5,-110,8.5,100
405,913,V,TEX,LLYNN-R,0,0,0,1,0,0,0,0,0,1,115,107,+1.5(-195),8.5,-101,8.5,100
405,914,H,LAA,FPENA-R,0,0,1,0,0,1,0,1,x,3,-135,-117,-1.5(+166),8.5,-119,8.5,-120
405,915,V,TAM,TGLASNOW-R,4,0,0,0,0,0,1,0,0,5,-135,-113,-1.5(+144),7,-115,7,-110
405,916,H,SFO,DRODRIGUEZ-R,0,0,0,0,0,0,2,0,0,2,115,103,+1.5(-165),7,-105,7,-110
405,917,V,MIN,JODORIZZI-R,0,0,2,0,2,0,0,0,0,4,115,146,+1.5(-146),8,-119,8,-105
405,918,H,PHI,NPIVETTA-R,5,0,1,0,1,0,3,0,x,10,-135,-156,-1.5(+127),8,-101,8,-115
405,919,V,BOS,RPORCELLO-R,0,0,1,0,0,0,0,4,3,8,-130,-127,-1.5(+119),9,-119,9,110
405,920,H,ARI,ZGODLEY-R,0,0,1,4,2,7,0,1,x,15,110,117,+1.5(-139),9,-101,9,-130
405,921,V,SEA,YKIKUCHI-L,1,0,1,2,0,4,0,0,0,8,-130,-125,-1.5(+125),7.5,-119,8.5,-105
405,922,H,CWS,RLOPEZ-R,3,3,0,0,0,0,3,1,x,10,110,115,+1.5(-145),7.5,-101,8.5,-115
405,923,V,SDG,NMARGEVICIUS-L,0,0,0,0,0,2,3,0,0,5,125,163,+1.5(-130),7.5,-119,8,100
405,924,H,STL,JFLAHERTY-R,0,0,0,1,0,1,0,1,0,3,-145,-176,-1.5(+110),7.5,-101,8,-120
406,951,V,WAS,PCORBIN-L,0,0,0,0,0,1,1,3,0,5,-110,-128,-1.5(+125),7,-115,7,-110
406,952,H,NYM,SMATZ-L,0,0,0,1,0,2,0,3,x,6,-110,118,+1.5(-145),7,-105,7,-110
406,953,V,CIN,TROARK-R,0,0,3,1,0,0,0,1,0,5,115,101,+1.5(-205),7,-115,8,-105
406,954,H,PIT,TWILLIAMS-R,1,0,1,0,1,2,0,0,0,6,-135,-111,-1.5(+172),7,-105,8,-115
406,955,V,SDG,CPADDACK-R,1,0,0,0,0,0,1,4,0,6,120,110,+1.5(-205),7.5,-115,7.5,-105
406,956,H,STL,MWACHA-R,0,1,0,0,2,0,0,1,0,4,-140,-120,-1.5(+172),7.5,-105,7.5,-115
406,957,V,CUB,CHAMELS-L,0,2,0,0,2,3,0,7,0,14,100,119,+1.5(-180),8.5,-120,8.5,-105
406,958,H,MIL,CBURNES-R,1,1,0,0,0,0,3,3,0,8,-120,-129,-1.5(+155),8.5,100,8.5,-115
406,959,V,MIA,SALCANTARA-R,0,0,0,0,2,0,0,0,2,4,144,161,+1.5(-130),8,-120,8.5,-120
406,960,H,ATL,KWRIGHT-R,1,0,0,1,0,0,0,0,0,2,-165,-172,-1.5(+111),8,100,8.5,100
406,961,V,LAD,WBUEHLER-R,0,0,0,2,0,2,1,0,2,7,-145,-116,-1.5(+128),-110,-110,100,-120
406,962,H,COL,JGRAY-R,0,0,0,1,0,0,0,1,0,2,125,106,+1.5(-148),-110,-110,100,100
406,963,V,KAN,JLOPEZ-R,0,0,0,0,0,1,3,0,0,4,105,112,+1.5(-185),8.5,-120,9,-105
406,964,H,DET,MMOORE-L,0,1,0,0,1,0,5,0,x,7,-125,-122,-1.5(+160),8.5,100,9,-115
406,965,V,SEA,MLEAKE-R,0,0,1,3,3,1,0,0,1,9,-120,-105,-1.5(+144),8.5,-115,9,-105
406,966,H,CWS,LGIOLITO-R,0,0,0,1,0,0,1,0,0,2,100,-105,+1.5(-165),8.5,-105,9,-115
406,967,V,TEX,DSMYLY-L,0,0,0,0,1,0,0,0,0,1,105,150,+1.5(-150),8.5,-119,8.5,-110
406,968,H,LAA,TSKAGGS-L,0,0,0,4,0,0,1,0,x,5,-125,-160,-1.5(+130),8.5,-101,8.5,-110
406,969,V,TOR,TPANNONE-L,0,0,0,0,2,0,0,0,0,2,148,177,+1.5(-114),7,-115,8,100
406,970,H,CLE,CCARRASCO-R,1,0,3,0,2,1,0,0,x,7,-170,-194,-1.5(-106),7,-105,8,-120
406,971,V,NYY,JHAPP-L,1,0,2,0,0,0,0,3,0,6,-195,-180,-1.5(-125),8.5,-101,8.5,-110
406,972,H,BAL,DBUNDY-R,1,0,0,0,1,0,2,0,0,4,166,165,+1.5(+105),8.5,-119,8.5,-110
406,973,V,OAK,ABROOKS-R,0,0,0,0,0,0,0,0,0,0,144,125,+1.5(-154),8.5,-101,9.5,100
406,974,H,HOU,WMILEY-L,0,0,0,1,4,1,0,0,x,6,-165,-135,-1.5(+136),8.5,-119,9.5,-120
406,975,V,MIN,MPINEDA-R,0,0,3,0,0,0,0,0,3,6,136,138,+1.5(-156),8,-102,8.5,100
406,976,H,PHI,JARRIETA-R,0,0,0,1,0,1,0,0,0,2,-156,-148,-1.5(+135),8,-118,8.5,-120
406,977,V,TAM,RSTANEK-R,1,0,0,0,2,1,0,0,0,4,-137,-132,-1.5(+125),7,-110,7.5,-105
406,978,H,SFO,JSAMARDZIJA-R,0,0,2,0,4,0,0,0,x,6,124,122,+1.5(-145),7,-110,7.5,-115
406,979,V,BOS,DPRICE-L,0,3,0,0,0,0,1,0,0,4,-151,-132,-1.5(+119),9,-102,9,100
406,980,H,ARI,LWEAVER-R,0,4,0,0,0,0,0,0,1,5,131,122,+1.5(-139),9,-118,9,-120
407,901,V,WAS,MSCHERZER-R,0,5,0,0,2,2,3,0,0,12,-140,-128,-1.5(+125),6.5,-110,6.5,100
407,902,H,NYM,ZWHEELER-R,0,1,0,0,0,0,5,0,3,9,120,118,+1.5(-145),6.5,-110,6.5,-120
407,903,V,MIA,CSMITH-L,0,2,0,0,0,0,0,0,1,3,155,160,+1.5(-135),8.5,-105,8.5,100
407,904,H,ATL,SNEWCOMB-L,2,0,0,1,0,0,0,0,1,4,-180,-170,-1.5(+115),8.5,-115,8.5,-120
407,905,V,CIN,ADESCLAFANI-R,0,2,1,0,0,0,0,2,0,5,130,140,+1.5(-166),7.5,-110,7.5,-115
407,906,H,PIT,CARCHER-R,1,1,0,2,3,0,0,0,x,7,-150,-150,-1.5(+145),7.5,-110,7.5,-105
407,907,V,CUB,KHENDRICKS-R,0,0,0,0,0,2,0,0,0,2,105,-104,+1.5(-210),9,-105,9,-110
407,908,H,MIL,ZDAVIES-R,2,0,1,1,0,0,0,0,x,4,-125,-106,-1.5(+176),9,-115,9,-110
407,909,V,SDG,MSTRAHM-L,0,0,1,0,0,0,0,0,0,1,110,110,+1.5(-197),8.5,100,9,-110
407,910,H,STL,AWAINWRIGHT-R,0,0,0,2,0,0,1,1,x,4,-130,-120,-1.5(+168),8.5,-120,9,-110
407,911,V,LAD,JURIAS-L,0,2,4,1,2,2,0,1,0,12,-140,-170,-1.5(-122),-110,-110,-120,100
407,912,H,COL,CBETTIS-R,0,0,3,0,0,2,0,0,1,6,120,160,+1.5(+102),-110,-110,-120,-120
407,913,V,NYY,DGERMAN-R,0,2,2,0,0,1,4,2,4,15,-175,-185,-1.5(-119),9,100,9,-110
407,914,H,BAL,DHESS-R,0,0,0,0,0,0,3,0,0,3,151,170,+1.5(-101),9,-120,9,-110
407,915,V,TOR,MSTROMAN-R,0,0,0,0,0,0,0,1,0,1,130,150,+1.5(-147),7,-120,7.5,-120
407,916,H,CLE,MCLEVINGER-R,2,0,0,0,1,0,0,0,x,3,-150,-160,-1.5(+128),7,100,7.5,100
407,917,V,KAN,BKELLER-R,1,0,0,0,0,0,0,0,0,1,-105,-106,-1.5(+141),8.5,-105,9,100
407,918,H,DET,TROSS-R,0,2,0,0,0,1,0,0,x,3,-115,-104,+1.5(-161),8.5,-115,9,-120
407,919,V,OAK,MFIERS-R,2,2,0,1,0,2,0,1,0,8,140,165,+1.5(-125),9,100,9,105
407,920,H,HOU,BPEACOCK-R,5,1,0,0,0,0,0,2,1,9,-160,-180,-1.5(+105),9,-120,9,-125
407,921,V,SEA,WLEBLANC-L,1,0,6,2,2,0,0,0,1,12,-110,106,+1.5(-178),9,100,9,-120
407,922,H,CWS,INOVA-R,0,1,1,0,0,0,3,0,0,5,-110,-116,-1.5(+153),9,-120,9,100
407,923,V,TEX,SMILLER-R,0,2,0,0,0,0,0,0,0,2,115,107,+1.5(-180),9,-110,9.5,100
407,924,H,LAA,CSTRATTON-R,0,4,0,0,0,2,1,0,x,7,-135,-117,-1.5(+155),9,-110,9.5,-120
407,925,V,MIN,JBERRIOS-R,1,0,0,0,0,0,0,0,0,1,110,124,+1.5(-180),8.5,100,8.5,100
407,926,H,PHI,ZEFLIN-R,0,0,0,0,0,2,0,0,x,2,-130,-134,-1.5(+155),8.5,-120,8.5,-120
407,927,V,TAM,YCHIRINOS-R,1,0,0,1,0,0,0,1,0,3,-130,-115,-1.5(+148),7.5,-110,7,-120
407,928,H,SFO,DPOMERANZ-L,0,0,0,0,0,0,0,0,0,0,110,105,+1.5(-170),7.5,-110,7,100
407,929,V,BOS,Undecided,0,0,0,0,0,0,1,0,0,1,-115,-106,-1.5(+130),9.5,-110,9.5,-105
407,930,H,ARI,MKELLY-R,0,0,0,0,0,0,0,0,0,0,-105,-104,+1.5(-150),9.5,-110,9.5,-115
408,951,V,PIT,JTAILLON-R,0,0,0,0,0,0,0,0,0,0,117,120,+1.5(-175),8,-110,8.5,-120
408,952,H,CUB,JLESTER-L,0,6,2,2,0,0,0,0,x,10,-129,-130,-1.5(+151),8,-110,8.5,100
408,953,V,WAS,ASANCHEZ-R,0,2,0,0,0,0,0,0,1,3,120,135,+1.5(-155),9,-110,9.5,-120
408,954,H,PHI,VVELASQUEZ-R,0,0,0,2,0,1,0,1,x,4,-140,-145,-1.5(+135),9,-110,9.5,100
408,955,V,LAD,HRYU-L,2,0,0,0,1,0,0,0,0,3,-130,-103,+1.5(-215),8.5,100,8,-115
408,956,H,STL,MMIKOLAS-R,2,0,0,0,0,2,0,0,x,4,110,-107,-1.5(+180),8.5,-120,8,-105
408,957,V,ATL,JTEHERAN-R,2,0,2,0,3,0,1,0,0,8,125,100,+1.5(-190),100,-120,100,-120
408,958,H,COL,KFREELAND-L,0,0,0,0,6,0,0,0,0,6,-145,-110,-1.5(+163),100,100,100,100
408,959,V,SDG,ELAUER-L,0,0,0,0,2,1,3,0,0,6,115,120,+1.5(-190),7,100,7,-115
408,960,H,SFO,MBUMGARNER-L,0,0,0,5,0,0,0,0,0,5,-135,-130,-1.5(+163),7,-120,7,-105
408,961,V,TAM,BSNELL-L,2,2,0,0,0,0,0,1,0,5,-150,-168,-1.5(-110),7.5,-119,7.5,-115
408,962,H,CWS,CRODON-L,0,0,0,0,1,0,0,0,0,1,130,158,+1.5(-110),7.5,-101,7.5,-105
408,963,V,OAK,MESTRADA-R,0,0,2,0,1,1,0,0,0,4,-150,-162,-1.5(-115),9,100,-115,-105
408,964,H,BAL,ACASHNER-R,1,3,0,2,0,1,0,5,x,12,130,152,+1.5(-105),9,-120,-115,-115
408,965,V,NYY,MTANAKA-R,0,0,1,0,1,1,0,0,0,3,140,138,+1.5(-160),7.5,-110,7.5,-120
408,966,H,HOU,JVERLANDER-R,0,0,0,1,0,0,2,1,x,4,-160,-148,-1.5(+140),7.5,-110,7.5,100
408,967,V,SEA,FHERNANDEZ-R,0,2,0,0,2,8,0,1,0,13,-140,-110,-1.5(+141),9,-118,-110,-110
408,968,H,KAN,HBAILEY-R,2,1,1,0,0,0,0,0,1,5,120,100,+1.5(-161),9,-102,-110,-110
408,969,V,MIL,JCHACIN-R,0,1,0,1,0,0,0,0,0,2,-120,-106,-1.5(+141),8.5,100,9,-110
408,970,H,LAA,TCAHILL-R,0,2,0,1,0,0,0,2,x,5,100,-104,+1.5(-161),8.5,-120,9,-110
409,901,V,MIA,JURENA-R,0,0,0,0,0,0,0,0,0,0,140,170,+1.5(-122),8,-110,8.5,-105
409,902,H,CIN,LCASTILLO-R,1,0,1,2,0,7,3,0,x,14,-160,-185,-1.5(+102),8,-110,8.5,-115
409,903,V,WAS,SSTRASBURG-R,1,0,0,0,0,1,3,0,1,10,120,133,+1.5(-168),7,-110,8,-115
409,904,H,PHI,ANOLA-R,0,0,4,2,0,0,0,0,0,6,-140,-143,-1.5(+146),7,-110,8,-105
409,905,V,LAD,RSTRIPLING-R,0,0,0,0,0,0,0,0,0,0,-130,-120,-1.5(+133),8.5,-110,8.5,100
409,906,H,STL,DHUDSON-R,1,0,2,0,1,0,0,0,x,4,110,110,+1.5(-153),8.5,-110,8.5,-120
409,907,V,ATL,MFRIED-L,0,1,0,4,0,0,0,1,1,7,105,-102,+1.5(-195),-110,-110,-105,-115
409,908,H,COL,GMARQUEZ-R,0,0,0,1,0,0,0,0,0,1,-125,-108,-1.5(+166),-110,-110,-105,-105
409,909,V,SDG,JLUCCHESI-L,0,0,0,0,0,0,1,1,0,2,-125,-132,-1.5(+120),7.5,-110,7.5,100
409,910,H,SFO,DHOLLAND-L,0,6,0,1,0,0,0,0,x,7,105,122,+1.5(-140),7.5,-110,7.5,-120
409,911,V,CLE,CKLUBER-R,1,2,0,0,2,1,2,0,0,8,-160,-135,-1.5(+115),7,-110,8,100
409,912,H,DET,JZIMMERMANN-R,1,0,0,0,1,0,0,0,0,2,140,125,+1.5(-135),7,-110,8,-120
409,913,V,TOR,MSHOEMAKER-R,0,0,2,3,0,0,1,0,1,7,199,225,+1.5(+115),7.5,-110,8,-105
409,914,H,BOS,CSALE-L,1,1,0,0,0,2,0,1,0,5,-240,-255,-1.5(-135),7.5,-110,8,-115
409,915,V,TAM,CMORTON-R,1,3,1,2,0,0,0,1,2,10,-145,-170,-1.5(-105),8,-110,8.5,-110
409,916,H,CWS,ESANTANA-R,0,0,2,0,0,0,0,3,0,5,125,160,+1.5(-115),8,-110,8.5,-110
409,917,V,OAK,BANDERSON-L,0,5,0,0,0,0,1,4,3,13,-145,-180,-1.5(-119),9,-110,9.5,100
409,918,H,BAL,JMEANS-L,0,0,0,0,0,0,2,0,0,2,125,165,+1.5(-101),9,-110,9.5,-120
409,919,V,NYY,JLOAISIGA-R,1,0,0,0,0,2,0,0,0,3,151,178,+1.5(-117),8.5,-110,8,-115
409,920,H,HOU,GCOLE-R,0,1,1,0,0,0,1,3,x,6,-175,-196,-1.5(-103),8.5,-110,8,-105
409,921,V,SEA,MGONZALES-L,1,0,1,2,0,0,2,0,0,6,-130,100,+1.5(-195),9,-110,9,-105
409,922,H,KAN,JJUNIS-R,1,0,1,0,0,0,1,0,0,3,110,-110,-1.5(+166),9,-110,9,-115
409,923,V,MIN,KGIBSON-R,0,1,4,1,0,1,0,3,4,14,184,230,+1.5(-105),6.5,-110,6.5,-105
409,924,H,NYM,JDEGROM-R,0,1,2,0,0,0,1,0,4,8,-220,-260,-1.5(-115),6.5,-110,6.5,-115
409,925,V,TEX,MMINOR-L,2,2,0,0,0,0,0,0,0,4,120,135,+1.5(-155),8.5,-110,8.5,-110
409,926,H,ARI,ZGREINKE-R,0,0,1,0,0,0,1,0,3,5,-140,-145,-1.5(+135),8.5,-110,8.5,-110
409,927,V,MIL,FPERALTA-R,0,3,0,2,3,0,0,0,0,8,-120,-138,-1.5(+108),8.5,-110,8.5,-125
409,928,H,LAA,MHARVEY-R,6,0,0,1,1,0,1,2,x,11,100,128,+1.5(-128),8.5,-110,8.5,105
410,953,V,SDG,NMARGEVICIUS-L,0,0,1,0,0,1,0,0,1,3,-110,-105,-1.5(+151),7.5,-110,8,100
410,954,H,SFO,DRODRIGUEZ-R,0,0,0,1,0,0,0,0,0,1,-110,-105,+1.5(-175),7.5,-110,8,-120
410,955,V,MIA,TRICHARDS-R,0,0,1,0,0,0,0,0,0,1,130,145,+1.5(-145),8.5,-110,9,-105
410,956,H,CIN,TMAHLE-R,0,0,0,0,0,0,0,2,x,2,-150,-155,-1.5(+125),8.5,-110,9,-115
410,957,V,WAS,JHELLICKSON-R,3,0,0,4,2,0,5,0,1,15,128,147,+1.5(-145),9,-110,9,-120
410,958,H,PHI,NPIVETTA-R,0,0,0,0,0,0,0,0,1,1,-148,-157,-1.5(+125),9,-110,9,100
410,959,V,LAD,KMAEDA-R,0,0,0,0,0,1,1,0,0,2,-107,-105,-1.5(+148),8.5,-110,8,-110
410,960,H,STL,JFLAHERTY-R,0,1,0,1,0,3,0,2,x,7,-113,-105,+1.5(-170),8.5,-110,8,-110
410,961,V,PIT,JLYLES-R,1,0,2,0,0,2,0,0,0,5,135,157,+1.5(-140),7,-110,7.5,-120
410,962,H,CUB,YDARVISH-R,0,0,0,0,1,0,0,1,0,2,-155,-167,-1.5(+120),7,-110,7.5,100
410,963,V,CLE,TBAUER-R,0,0,0,0,0,1,0,0,0,1,-151,-145,-1.5(+105),7.5,-110,7,-110
410,964,H,DET,MBOYD-L,2,0,0,0,0,2,0,0,x,4,131,135,+1.5(-125),7.5,-110,7,-110
410,965,V,TAM,TGLASNOW-R,3,0,0,3,2,0,0,0,1,9,-140,-170,-1.5(-107),8.5,-110,8.5,-110
410,966,H,CWS,RLOPEZ-R,0,0,0,0,0,0,0,0,1,1,120,160,+1.5(-113),8.5,-110,8.5,-110
410,967,V,OAK,FMONTAS-R,0,1,2,2,2,0,3,0,0,10,-137,-180,-1.5(-130),9.5,-110,9.5,-115
410,968,H,BAL,DSTRAILY-R,0,0,0,0,3,0,0,0,0,3,117,165,+1.5(+110),9.5,-110,9.5,-105
410,969,V,NYY,JPAXTON-L,1,0,0,1,0,0,0,4,0,6,110,110,+1.5(-190),8,-110,8,-115
410,970,H,HOU,CMCHUGH-R,2,0,1,0,4,0,0,1,x,8,-130,-120,-1.5(+163),8,-110,8,-105
410,971,V,SEA,YKIKUCHI-L,1,0,2,2,0,0,0,0,1,6,-125,-155,-1.5(-110),9,-110,9.5,-120
410,972,H,KAN,HFILLMYER-R,1,1,1,0,0,0,2,0,0,5,105,145,+1.5(-110),9,-110,9.5,100
410,973,V,MIN,JODORIZZI-R,0,0,1,0,0,0,0,4,1,6,180,175,+1.5(-131),7,-110,7,-125
410,974,H,NYM,NSYNDERGAARD-R,0,0,0,0,6,0,3,0,x,9,-215,-190,-1.5(+111),7,-110,7,105
410,975,V,TEX,LLYNN-R,0,0,0,0,0,1,1,1,2,5,127,120,+1.5(-180),8.5,-110,8,-115
410,976,H,ARI,RRAY-L,0,0,1,0,0,0,0,0,1,2,-147,-130,-1.5(+155),8.5,-110,8,-105
410,977,V,MIL,BWOODRUFF-R,0,0,1,0,0,0,1,0,0,2,-115,-170,-1.5(-120),8.5,-110,8,-125
410,978,H,LAA,FPENA-R,0,0,4,0,0,0,0,0,x,4,-105,160,+1.5(+100),8.5,-110,8,105
411,901,V,MIA,PLOPEZ-R,0,0,0,0,0,0,0,0,0,0,148,157,+1.5(-139),8.5,-110,8.5,-115
411,902,H,CIN,SGRAY-R,0,0,0,1,3,0,0,1,x,5,-170,-167,-1.5(+118),8.5,-110,8.5,-105
411,903,V,LAD,WBUEHLER-R,1,2,4,0,0,0,0,0,0,7,-140,-134,-1.5(+125),8,-110,8.5,-105
411,904,H,STL,MWACHA-R,0,4,1,0,4,2,0,0,x,11,120,124,+1.5(-145),8,-110,8.5,-115
411,905,V,NYM,SMATZ-L,0,3,0,0,0,1,2,0,0,6,110,122,+1.5(-174),8.5,-110,9,-110
411,906,H,ATL,KGAUSMAN-R,1,1,0,0,0,0,0,1,0,3,-130,-132,-1.5(+150),8.5,-110,9,-110
411,907,V,PIT,JMUSGROVE-R,0,0,0,0,0,0,0,0,0,0,120,116,+1.5(-180),-110,-110,9,110
411,908,H,CUB,JQUINTANA-L,0,0,0,0,0,0,2,0,x,2,-140,-126,-1.5(+155),-110,-110,9,-130
411,909,V,SDG,PAVILA-R,0,0,0,1,0,5,0,1,0,7,117,108,+1.5(-185),9,-110,9,-110
411,910,H,ARI,ZGODLEY-R,1,0,0,0,0,0,5,0,0,6,-137,-118,-1.5(+160),9,-110,9,-110
411,911,V,COL,JGRAY-R,0,0,0,0,0,0,0,0,0,0,-125,-111,-1.5(+148),7.5,-110,7.5,-105
411,912,H,SFO,JSAMARDZIJA-R,0,0,0,0,0,0,1,0,x,1,105,101,+1.5(-170),7.5,-110,7.5,-115
411,913,V,OAK,ABROOKS-R,0,0,0,2,2,3,0,0,1,8,-160,-150,-1.5(-105),9.5,-110,8.5,-115
411,914,H,BAL,DBUNDY-R,1,0,0,0,0,0,4,0,0,5,140,140,+1.5(-115),9.5,-110,8.5,-105
411,915,V,CLE,SBIEBER-R,1,0,1,1,0,0,1,0,0,4,-140,-135,-1.5(+125),8,-110,7.5,105
411,916,H,DET,STURNBULL-R,0,0,0,0,0,0,0,0,0,0,120,125,+1.5(-145),8,-110,7.5,-125
411,917,V,SEA,MLEAKE-R,0,0,0,0,0,2,1,1,2,7,-140,-144,-1.5(+110),9.5,-110,-115,-105
411,918,H,KAN,JLOPEZ-R,0,1,2,0,1,0,2,0,0,6,120,134,+1.5(-130),9.5,-110,-115,-115
411,919,V,TOR,ASANCHEZ-R,0,0,5,0,0,0,0,1,0,6,155,165,+1.5(-125),9,-110,9,-120
411,920,H,BOS,NEOVALDI-R,0,0,3,0,1,0,1,0,2,7,-180,-180,-1.5(+105),9,-110,9,100
412,951,V,PIT,TWILLIAMS-R,0,1,0,0,0,0,0,2,0,6,140,175,+1.5(-120),8,-110,8,-105
412,952,H,WAS,PCORBIN-L,0,1,1,0,0,0,0,1,0,3,-160,-190,-1.5(+100),8,-110,8,-115
412,953,V,PHI,JARRIETA-R,0,0,5,0,1,0,0,3,0,9,-170,-158,-1.5(-110),7.5,-110,8.5,100
412,954,H,MIA,SALCANTARA-R,0,0,0,0,0,0,1,0,0,1,148,148,+1.5(-110),7.5,-110,8.5,-120
412,955,V,NYM,ZWHEELER-R,0,2,0,4,0,0,0,0,0,6,100,100,+1.5(-205),9,-110,9.5,-105
412,956,H,ATL,KWRIGHT-R,1,0,0,0,1,0,0,0,0,2,-120,-110,-1.5(+172),9,-110,9.5,-115
412,957,V,SDG,CPADDACK-R,1,0,0,0,0,0,1,0,0,2,-120,-120,-1.5(+135),8.5,-110,8,-115
412,958,H,ARI,LWEAVER-R,0,0,1,0,0,0,0,0,0,1,100,110,+1.5(-155),8.5,-110,8,-105
412,959,V,MIL,CBURNES-R,2,0,0,2,2,0,1,0,1,8,140,145,+1.5(-155),8,-110,8.5,-105
412,960,H,LAD,JURIAS-L,1,0,2,2,0,0,0,0,0,5,-160,-155,-1.5(+135),8,-110,8.5,-115
412,961,V,COL,CBETTIS-R,0,0,0,2,0,0,0,0,0,2,105,130,+1.5(-167),7.5,-110,7.5,100
412,962,H,SFO,DPOMERANZ-L,0,0,0,1,0,1,0,0,0,3,-125,-140,-1.5(+146),7.5,-110,7.5,-120
412,963,V,CWS,LGIOLITO-R,1,0,0,2,4,0,x,x,x,7,195,185,+1.5(-110),9,-110,9.5,-110
412,964,H,NYY,JHAPP-L,2,2,0,1,0,1,x,x,x,6,-235,-205,-1.5(-110),9,-110,9.5,-110
412,965,V,TAM,RSTANEK-R,1,0,4,0,0,1,2,0,3,11,-130,-145,-1.5(+110),8.5,-110,8.5,-105
412,966,H,TOR,TTHORNTON-R,0,0,0,0,0,0,6,1,0,7,110,135,+1.5(-130),8.5,-110,8.5,-115
412,967,V,BAL,DHESS-R,0,0,0,0,0,0,2,0,2,4,207,220,+1.5(+115),9.5,-110,-105,-115
412,968,H,BOS,ERODRIGUEZ-L,0,0,1,2,0,0,1,2,x,6,-250,-250,-1.5(-135),9.5,-110,-105,-105
412,969,V,OAK,MFIERS-R,0,1,0,0,0,4,1,1,1,8,-119,-115,-1.5(+130),-110,-110,-120,100
412,970,H,TEX,DSMYLY-L,2,0,0,1,3,0,0,0,0,6,-101,105,+1.5(-150),-110,-110,-120,-120
412,973,V,CLE,CCARRASCO-R,0,1,0,0,0,0,0,0,0,1,-140,-158,-1.5(-103),8,-110,7.5,100
412,974,H,KAN,BKELLER-R,6,0,0,1,0,1,0,0,x,8,120,148,+1.5(-117),8,-110,7.5,-120
412,975,V,HOU,WMILEY-L,0,0,2,0,0,4,0,4,0,10,-135,-140,-1.5(+115),9,-110,9,-105
412,976,H,SEA,WLEBLANC-L,1,2,0,0,0,0,2,0,1,6,115,130,+1.5(-135),9,-110,9,-115
412,977,V,LAA,TSKAGGS-L,0,0,0,1,0,0,0,0,0,1,135,156,+1.5(-130),-110,-110,-115,-105
412,978,H,CUB,CHAMELS-L,3,0,0,1,0,1,0,0,x,5,-155,-166,-1.5(+110),-110,-110,-115,-115
413,901,V,PIT,CARCHER-R,0,0,0,1,0,1,0,0,0,2,NL,109,+1.5(-195),8.5,-110,9,100
413,902,H,WAS,ASANCHEZ-R,0,0,0,1,0,0,0,2,x,3,NL,-119,-1.5(+166),8.5,-110,9,-120
413,903,V,COL,KFREELAND-L,0,0,0,0,0,1,1,0,0,2,105,103,+1.5(-205),7,-110,7,-105
413,904,H,SFO,MBUMGARNER-L,0,0,2,0,1,0,0,2,x,5,-125,-113,-1.5(+172),7,-110,7,-115
413,905,V,PHI,ZEFLIN-R,0,0,0,0,0,0,0,0,3,3,-170,-165,-1.5(-105),8,-110,7.5,-105
413,906,H,MIA,CSMITH-L,0,2,4,0,1,0,3,0,x,10,148,155,+1.5(-115),8,-110,7.5,-115
413,907,V,STL,AWAINWRIGHT-R,0,1,0,0,0,0,0,0,1,2,-140,-111,-1.5(+135),9,-110,-120,100
413,908,H,CIN,TROARK-R,0,0,0,0,0,1,1,3,x,5,120,101,+1.5(-155),9,-110,-120,-120
413,909,V,NYM,JVARGAS-L,0,4,0,0,0,0,0,1,2,7,115,140,+1.5(-135),9,-110,-120,100
413,910,H,ATL,SNEWCOMB-L,4,4,0,1,0,1,1,0,x,11,-135,-150,-1.5(+115),9,-110,-120,-120
413,911,V,SDG,MSTRAHM-L,2,0,2,0,0,0,1,0,0,5,100,100,+1.5(-210),9,-110,9,-110
413,912,H,ARI,MKELLY-R,0,0,0,0,0,4,0,0,0,4,-120,-110,-1.5(+176),9,-110,9,-110
413,913,V,MIL,ZDAVIES-R,0,1,0,1,2,0,0,0,0,4,103,137,+1.5(-155),8.5,-110,9,-110
413,914,H,LAD,CFERGUSON-L,0,0,0,1,0,0,0,0,0,1,-123,-147,-1.5(+135),8.5,-110,9,-110
413,915,V,CWS,INOVA-R,0,0,0,0,0,0,0,0,0,0,160,145,+1.5(-135),9,-110,-110,-110
413,916,H,NYY,CSABATHIA-L,0,0,0,0,0,0,3,1,x,4,-185,-155,-1.5(+115),9,-110,-110,-110
413,917,V,BAL,ACASHNER-R,2,0,0,0,1,4,2,0,0,9,199,240,+1.5(+120),9.5,-110,-115,-105
413,918,H,BOS,RPORCELLO-R,0,0,2,0,0,1,2,0,0,5,-240,-270,-1.5(-140),9.5,-110,-115,-115
413,919,V,DET,TROSS-R,0,0,2,0,0,1,0,0,0,3,151,180,+1.5(-114),7.5,-110,8,-120
413,920,H,MIN,MPINEDA-R,0,0,4,0,0,0,0,0,x,4,-175,-200,-1.5(-106),7.5,-110,8,100
413,921,V,TAM,BSNELL-L,0,0,0,0,0,1,0,0,0,1,-165,-200,-1.5(-135),7.5,-110,8,-110
413,922,H,TOR,CBUCHHOLZ-R,0,0,0,0,0,0,2,1,x,3,144,180,+1.5(+115),7.5,-110,8,-110
413,923,V,CLE,JRODRIGUEZ-R,0,0,0,0,0,0,0,0,0,0,-135,-106,-1.5(+144),9,-110,9,100
413,924,H,KAN,HBAILEY-R,0,0,1,1,0,0,1,0,x,3,115,-104,+1.5(-165),9,-110,9,-120
413,927,V,HOU,JVERLANDER-R,0,0,2,0,1,0,0,0,0,3,-170,-188,-1.5(-131),8.5,-110,8.5,-110
413,928,H,SEA,FHERNANDEZ-R,0,0,0,1,0,0,0,0,0,1,148,173,+1.5(+111),8.5,-110,8.5,-110
413,929,V,LAA,CSTRATTON-R,0,3,0,0,0,2,0,1,0,6,144,185,+1.5(-110),9,-110,9,-115
413,930,H,CUB,KHENDRICKS-R,0,0,1,0,1,0,0,2,1,5,-165,-205,-1.5(-110),9,-110,9,-105
414,951,V,PHI,VVELASQUEZ-R,0,0,0,1,0,0,0,0,0,3,-170,-150,-1.5(+110),8.5,-110,8.5,105
414,952,H,MIA,JURENA-R,0,0,0,0,0,1,0,0,0,1,148,140,+1.5(-130),8.5,-110,8.5,-125
414,953,V,PIT,JTAILLON-R,2,0,1,0,0,0,0,0,1,4,160,165,+1.5(-132),7,-110,8,100
414,954,H,WAS,MSCHERZER-R,1,0,2,0,0,0,0,0,0,3,-185,-180,-1.5(+112),7,-110,8,-120
414,955,V,STL,MMIKOLAS-R,4,0,0,0,0,0,5,0,0,9,-125,-120,-1.5(+136),-110,-110,-105,-115
414,956,H,CIN,ADESCLAFANI-R,0,0,0,0,4,0,0,1,0,5,105,110,+1.5(-159),-110,-110,-105,-105
414,957,V,COL,GMARQUEZ-R,0,0,1,0,3,0,0,0,0,4,-125,-108,-1.5(+155),7,-110,7,100
414,958,H,SFO,DHOLLAND-L,0,0,0,0,0,0,0,0,0,0,105,-102,+1.5(-180),7,-110,7,-120
414,959,V,SDG,ELAUER-L,1,0,0,0,1,0,0,2,0,4,110,125,+1.5(-170),8.5,-110,8,-120
414,960,H,ARI,ZGREINKE-R,0,0,2,0,1,3,1,1,x,8,-130,-135,-1.5(+148),8.5,-110,8,100
414,961,V,MIL,JCHACIN-R,0,0,0,0,0,0,0,1,0,1,115,130,+1.5(-175),8.5,-110,9,105
414,962,H,LAD,RSTRIPLING-R,2,1,3,0,1,0,0,0,x,7,-135,-140,-1.5(+151),8.5,-110,9,-125
414,963,V,NYM,JDEGROM-R,0,1,0,0,0,0,0,2,0,3,-155,-150,-1.5(+105),8,-110,8.5,100
414,964,H,ATL,JTEHERAN-R,0,1,1,0,1,2,1,1,x,7,135,140,+1.5(-125),8,-110,8.5,-120
414,965,V,CWS,CRODON-L,0,0,0,4,1,0,0,0,0,5,160,180,+1.5(-119),8.5,-110,9,105
414,966,H,NYY,MTANAKA-R,1,0,1,0,0,0,0,0,0,2,-185,-200,-1.5(-101),8.5,-110,9,-125
414,967,V,BAL,JMEANS-L,0,0,0,0,0,0,0,0,0,0,218,230,+1.5(+106),-110,-110,9.5,-115
414,968,H,BOS,DPRICE-L,0,0,0,1,0,0,0,3,x,4,-265,-260,-1.5(-126),-110,-110,9.5,-105
414,969,V,TAM,CMORTON-R,0,0,1,2,0,0,0,5,0,8,-140,-128,-1.5(+130),8,-110,8,-110
414,970,H,TOR,MSTROMAN-R,1,0,0,0,0,0,1,0,2,4,120,118,+1.5(-150),8,-110,8,-110
414,971,V,DET,JZIMMERMANN-R,0,2,0,0,0,0,0,2,0,4,166,210,+1.5(-103),8,-110,8,-105
414,972,H,MIN,JBERRIOS-R,2,1,2,0,0,0,1,0,x,6,-195,-240,-1.5(-117),8,-110,8,-115
414,973,V,CLE,CKLUBER-R,3,0,0,2,0,0,3,0,0,8,-150,-130,-1.5(+115),7.5,-110,7.5,100
414,974,H,KAN,JJUNIS-R,0,4,2,0,1,1,0,0,1,9,130,120,+1.5(-135),7.5,-110,7.5,-120
414,975,V,OAK,BANDERSON-L,1,1,1,4,0,0,0,0,0,7,-140,-145,-1.5(-102),-110,-110,-120,100
414,976,H,TEX,ASAMPSON-R,2,0,0,0,1,0,1,4,x,8,120,135,+1.5(-118),-110,-110,-120,-120
414,977,V,HOU,GCOLE-R,0,0,0,0,0,2,1,0,0,3,-150,-185,-1.5(-119),8.5,-110,7.5,-120
414,978,H,SEA,MGONZALES-L,1,0,1,0,0,0,0,0,0,2,130,170,+1.5(-101),8.5,-110,7.5,100
415,901,V,NYM,NSYNDERGAARD-R,0,0,3,2,0,1,0,0,0,7,100,103,+1.5(-215),7.5,-110,7.5,100
415,902,H,PHI,ANOLA-R,0,0,3,2,0,0,0,1,0,6,-120,-113,-1.5(+180),7.5,-110,7.5,-120
415,903,V,CUB,YDARVISH-R,3,0,0,0,2,0,1,0,1,7,-130,-135,-1.5(+125),8.5,-110,8,-110
415,904,H,MIA,TRICHARDS-R,0,1,0,1,0,0,0,0,0,2,110,125,+1.5(-145),8.5,-110,8,-110
415,905,V,STL,DHUDSON-R,2,0,1,0,0,3,0,0,1,7,110,125,+1.5(-163),9,-110,9.5,105
415,906,H,MIL,FPERALTA-R,0,6,0,0,0,3,0,1,x,10,-130,-135,-1.5(+143),9,-110,9.5,-125
415,907,V,CIN,LCASTILLO-R,2,0,0,0,0,0,0,0,1,3,155,170,+1.5(-130),7,-110,7.5,-110
415,908,H,LAD,CKERSHAW-L,1,0,0,0,1,0,0,0,2,4,-180,-185,-1.5(+110),7,-110,7.5,-110
415,909,V,COL,ASENZATELA-R,0,2,0,0,0,1,2,0,0,5,140,150,+1.5(-145),7,-110,7.5,-110
415,910,H,SDG,JLUCCHESI-L,0,0,0,1,0,0,0,0,1,2,-160,-160,-1.5(+125),7,-110,7.5,-110
415,911,V,BAL,DSTRAILY-R,0,1,0,0,3,0,0,2,2,8,211,230,+1.5(+129),-110,-110,-115,-105
415,912,H,BOS,HVELAZQUEZ-R,0,0,0,0,1,0,0,0,0,1,-255,-260,-1.5(-149),-110,-110,-115,-115
415,913,V,TOR,MSHOEMAKER-R,0,0,0,1,0,0,0,4,0,5,110,110,+1.5(-190),8.5,-110,8.5,-115
415,914,H,MIN,MPEREZ-L,0,0,0,3,0,0,0,0,0,3,-130,-120,-1.5(+163),8.5,-110,8.5,-105
415,915,V,LAA,TCAHILL-R,3,0,1,0,0,0,1,2,0,7,-125,-122,-1.5(+121),-110,-110,100,-120
415,916,H,TEX,SMILLER-R,0,1,3,0,4,3,1,0,x,12,105,112,+1.5(-141),-110,-110,100,100
415,917,V,KAN,HFILLMYER-R,0,3,0,0,0,0,1,0,0,4,110,106,+1.5(-180),9,-110,9.5,100
415,918,H,CWS,ESANTANA-R,0,0,0,0,3,0,0,2,x,5,-130,-116,-1.5(+155),9,-110,9.5,-120
415,919,V,CLE,TBAUER-R,2,0,1,0,0,0,0,2,1,6,-110,-113,-1.5(+150),7.5,-110,7,-115
415,920,H,SEA,YKIKUCHI-L,0,0,0,0,0,1,0,3,0,4,-110,103,+1.5(-174),7.5,-110,7,-105
416,951,V,NYM,SMATZ-L,0,1,1,0,1,0,0,0,0,3,-110,105,+1.5(-183),9,-110,9,-110
416,952,H,PHI,NPIVETTA-R,10,0,0,1,0,3,0,0,x,14,-110,-115,-1.5(+158),9,-110,9,-110
416,953,V,SFO,DRODRIGUEZ-R,0,0,0,0,3,1,2,1,0,7,166,162,+1.5(-126),7.5,-110,8,-105
416,954,H,WAS,SSTRASBURG-R,0,1,0,0,0,0,2,0,0,3,-195,-174,-1.5(+106),7.5,-110,8,-115
416,955,V,CUB,JQUINTANA-L,0,0,1,1,0,0,0,1,1,4,-150,-130,-1.5(+123),8,-110,8,-105
416,956,H,MIA,PLOPEZ-R,0,0,0,0,0,0,0,0,0,0,130,120,+1.5(-143),8,-110,8,-115
416,957,V,ARI,RRAY-L,0,0,0,2,0,0,4,0,3,9,135,125,+1.5(-165),8,-110,8.5,-105
416,958,H,ATL,MFRIED-L,0,0,0,1,4,0,1,0,0,6,-155,-135,-1.5(+144),8,-110,8.5,-115
416,959,V,STL,JFLAHERTY-R,0,0,0,0,0,2,0,2,0,4,105,111,+1.5(-185),9,-110,9,110
416,960,H,MIL,BWOODRUFF-R,0,0,5,0,3,0,0,0,x,8,-125,-121,-1.5(+160),9,-110,9,-130
416,961,V,COL,JGRAY-R,2,1,2,0,0,0,1,0,2,8,130,-103,+1.5(-215),7,-110,7.5,105
416,962,H,SDG,NMARGEVICIUS-L,0,0,0,0,1,0,0,0,1,2,-150,-107,-1.5(+180),7,-110,7.5,-125
416,963,V,CIN,TMAHLE-R,0,0,1,0,0,0,0,0,0,1,144,158,+1.5(-140),8.5,-110,8.5,100
416,964,H,LAD,KMAEDA-R,1,3,0,0,0,0,2,0,x,6,-165,-168,-1.5(+120),8.5,-110,8.5,-120
416,965,V,BOS,CSALE-L,0,0,0,0,0,0,0,0,0,0,-110,-103,+1.5(-210),8.5,-110,8.5,100
416,966,H,NYY,JPAXTON-L,0,0,2,2,0,3,1,0,x,8,-110,-107,-1.5(+176),8.5,-110,8.5,-120
416,967,V,BAL,DBUNDY-R,1,0,1,0,0,0,0,0,0,2,215,215,+1.5(+103),8,-110,8,-105
416,968,H,TAM,TGLASNOW-R,0,0,0,3,0,0,0,1,x,4,-260,-245,-1.5(-123),8,-110,8,-115
416,969,V,TOR,ASANCHEZ-R,0,0,0,0,0,4,2,0,0,6,120,140,+1.5(-150),8,-110,9,100
416,970,H,MIN,KGIBSON-R,0,0,1,0,0,3,0,0,1,5,-140,-150,-1.5(+130),8,-110,9,-120
416,971,V,LAA,JBARRIA-R,0,0,0,0,0,0,0,0,0,0,104,105,+1.5(-170),-110,-110,-115,-105
416,972,H,TEX,MMINOR-L,1,0,0,2,0,2,0,0,x,5,-124,-115,-1.5(+148),-110,-110,-115,-115
416,973,V,KAN,JLOPEZ-R,0,1,0,0,0,0,0,0,0,1,-110,110,+1.5(-185),9,-110,9,-110
416,974,H,CWS,RLOPEZ-R,0,0,1,0,3,0,0,1,x,5,-110,-120,-1.5(+160),9,-110,9,-110
416,975,V,HOU,CMCHUGH-R,1,2,0,5,0,0,1,0,0,9,-145,-148,-1.5(-101),8.5,-110,9,-105
416,976,H,OAK,MESTRADA-R,0,0,0,0,0,0,0,0,1,1,125,138,+1.5(-119),8.5,-110,9,-115
416,977,V,CLE,SBIEBER-R,0,0,0,2,0,0,2,0,0,4,105,-125,-1.5(+119),8,-110,8,100
416,978,H,SEA,MLEAKE-R,0,1,0,0,0,0,0,1,0,2,-125,115,+1.5(-139),8,-110,8,-120
416,979,V,PIT,JMUSGROVE-R,0,1,0,2,0,0,0,0,0,5,-130,102,+1.5(-215),8,-110,7.5,-105
416,980,H,DET,MBOYD-L,0,0,0,2,0,0,0,0,1,3,110,-112,-1.5(+180),8,-110,7.5,-115
417,901,V,NYM,ZWHEELER-R,0,0,0,0,0,0,1,0,1,2,113,100,+1.5(-195),9,-110,8.5,100
417,902,H,PHI,JARRIETA-R,0,1,0,0,1,1,0,0,x,3,-133,-110,-1.5(+166),9,-110,8.5,-120
417,903,V,STL,MWACHA-R,0,2,2,1,0,0,0,1,0,6,107,120,+1.5(-170),9,-110,100,-120
417,904,H,MIL,CBURNES-R,0,0,0,0,2,0,0,1,0,3,-127,-130,-1.5(+148),9,-110,100,100
417,905,V,CIN,SGRAY-R,0,0,0,0,0,0,1,0,1,2,160,160,+1.5(-140),8,-110,8,-105
417,906,H,LAD,WBUEHLER-R,0,0,0,0,0,3,0,0,x,3,-185,-170,-1.5(+120),8,-110,8,-115
417,907,V,SFO,JSAMARDZIJA-R,0,0,0,2,0,0,0,0,4,6,125,135,+1.5(-162),9,-110,8.5,-110
417,908,H,WAS,JHELLICKSON-R,3,1,0,0,0,0,5,0,x,9,-145,-145,-1.5(+142),9,-110,8.5,-110
417,909,V,CUB,CHAMELS-L,0,1,4,0,0,0,0,1,0,6,-168,-165,-1.5(-115),8,-110,8,-120
417,910,H,MIA,SALCANTARA-R,0,0,0,0,0,0,0,0,0,0,146,155,+1.5(-105),8,-110,8,100
417,911,V,ARI,ZGODLEY-R,0,0,0,1,0,0,1,0,0,3,133,155,+1.5(-130),9,-110,9,-110
417,912,H,ATL,KGAUSMAN-R,0,2,0,0,0,0,0,0,0,2,-153,-165,-1.5(+110),9,-110,9,-110
417,913,V,KAN,BKELLER-R,0,0,0,0,2,0,1,0,0,4,-106,-115,-1.5(+140),9.5,-110,8.5,-115
417,914,H,CWS,LGIOLITO-R,0,0,0,2,0,0,0,1,0,3,-114,105,+1.5(-160),9.5,-110,8.5,-105
417,915,V,BOS,NEOVALDI-R,1,2,0,0,0,0,0,0,0,3,103,104,+1.5(-175),9.5,-110,9,-115
417,916,H,NYY,JHAPP-L,0,0,0,1,0,0,4,0,x,5,-123,-114,-1.5(+151),9.5,-110,9,-105
417,917,V,CLE,CCARRASCO-R,0,0,0,0,1,0,0,0,0,1,-140,-128,-1.5(+127),8.5,-110,7.5,-120
417,918,H,SEA,ESwanson-R,0,0,0,0,0,0,0,0,0,0,120,118,+1.5(-147),8.5,-110,7.5,100
417,919,V,BAL,DHESS-R,0,0,0,0,0,0,1,0,0,1,211,220,+1.5(+101),8.5,-110,8,-115
417,920,H,TAM,RSTANEK-R,3,1,2,0,1,0,1,0,x,8,-255,-250,-1.5(-121),8.5,-110,8,-105
417,921,V,TOR,TTHORNTON-R,1,0,0,0,0,0,0,0,0,1,125,150,+1.5(-140),9,-110,8.5,100
417,922,H,MIN,JODORIZZI-R,2,0,1,0,1,0,0,0,x,4,-145,-160,-1.5(+120),9,-110,8.5,-120
417,923,V,LAA,MHARVEY-R,0,1,1,0,0,0,0,1,1,4,102,115,+1.5(-160),-110,-110,-115,-105
417,924,H,TEX,LLYNN-R,0,0,0,1,4,0,0,0,x,5,-122,-125,-1.5(+140),-110,-110,-115,-115
417,925,V,HOU,WMILEY-L,0,0,0,0,0,1,0,0,0,1,-122,-101,+1.5(-205),9,-110,8.5,-120
417,926,H,OAK,FMONTAS-R,0,1,0,0,0,1,0,0,x,2,102,-109,-1.5(+172),9,-110,8.5,100
417,927,V,PIT,TWILLIAMS-R,0,0,0,1,0,0,0,1,0,3,-116,-108,-1.5(+151),8,-110,8.5,-105
417,928,H,DET,STURNBULL-R,0,0,0,2,0,0,0,0,0,2,-104,-102,+1.5(-175),8,-110,8.5,-115
418,951,V,ARI,LWEAVER-R,1,0,0,0,0,0,3,0,0,4,110,158,+1.5(-140),9,-110,8.5,-120
418,952,H,ATL,MSOROKA-R,0,0,0,0,0,0,0,1,0,1,-130,-168,-1.5(+120),9,-110,8.5,100
418,953,V,SFO,DPOMERANZ-L,0,0,0,0,0,0,0,1,1,2,180,177,+1.5(-125),8,-110,7.5,-105
418,954,H,WAS,PCORBIN-L,1,0,1,1,1,0,0,0,x,4,-215,-194,-1.5(+105),8,-110,7.5,-115
418,955,V,LAD,JURIAS-L,0,0,0,0,0,3,0,0,0,3,-110,-108,-1.5(+140),9.5,-110,9.5,-120
418,956,H,MIL,ZDAVIES-R,0,0,0,0,0,0,0,0,1,1,-110,-102,+1.5(-160),9.5,-110,9.5,100
418,957,V,PHI,ZEFLIN-R,0,0,0,0,0,0,2,0,0,2,-115,108,+1.5(-170),-110,-110,100,-120
418,958,H,COL,KFREELAND-L,0,0,0,0,0,3,3,0,x,6,-105,-118,-1.5(+148),-110,-110,100,100
418,959,V,CIN,TROARK-R,1,0,0,0,2,0,0,0,1,4,120,160,+1.5(-145),7.5,-110,7.5,105
418,960,H,SDG,CPADDACK-R,0,0,0,0,0,1,0,0,0,1,-140,-170,-1.5(+125),7.5,-110,7.5,-125
418,961,V,CWS,INOVA-R,0,0,0,0,1,3,1,2,0,7,103,-105,+1.5(-210),8.5,-110,8.5,-125
418,962,H,DET,TROSS-R,0,1,0,1,0,2,3,2,x,9,-123,-105,-1.5(+176),8.5,-110,8.5,105
418,963,V,TOR,CBUCHHOLZ-R,1,0,0,5,0,0,0,1,0,7,144,161,+1.5(-125),8,-110,8,-120
418,964,H,MIN,MPINEDA-R,0,3,0,0,0,0,0,1,0,4,-165,-172,-1.5(+105),8,-110,8,100
418,965,V,KAN,HBAILEY-R,1,1,0,1,0,0,2,0,1,6,170,180,+1.5(-115),9,-110,9,100
418,966,H,NYY,DGERMAN-R,1,0,0,0,0,0,0,0,0,1,-200,-200,-1.5(-105),9,-110,9,-120
418,967,V,BAL,ACASHNER-R,0,0,2,1,0,0,1,1,0,6,NL,220,+1.5(+106),8.5,-110,8.5,-115
418,968,H,TAM,HWOOD-R,1,0,1,0,0,0,0,2,1,5,NL,-250,-1.5(-126),8.5,-110,8.5,-105
418,969,V,SEA,FHERNANDEZ-R,0,4,1,0,0,2,3,0,1,11,-101,110,+1.5(-195),9,-110,-120,100
418,970,H,LAA,CSTRATTON-R,0,0,2,0,0,0,7,1,0,10,-119,-120,-1.5(+166),9,-110,-120,-120
419,901,V,ARI,MKELLY-R,0,0,0,0,0,0,0,0,1,1,135,154,+1.5(-155),7,-110,7,105
419,902,H,CUB,KHENDRICKS-R,0,2,0,1,0,2,0,0,x,5,-155,-164,-1.5(+135),7,-110,7,-125
419,903,V,SFO,MBUMGARNER-L,0,0,0,0,0,0,0,1,0,1,100,-115,-1.5(+148),7,-110,7,-120
419,904,H,PIT,JLYLES-R,4,0,0,0,0,0,0,0,x,4,-120,105,+1.5(-170),7,-110,7,100
419,905,V,WAS,ASANCHEZ-R,1,0,0,0,0,0,1,0,0,2,-140,-123,-1.5(+130),8.5,-110,7.5,-105
419,906,H,MIA,CSMITH-L,0,1,0,0,0,2,0,0,x,3,120,113,+1.5(-150),8.5,-110,7.5,-115
419,907,V,LAD,RSTRIPLING-R,0,1,1,0,0,0,0,3,0,5,-115,-114,-1.5(+140),9.5,-110,9.5,100
419,908,H,MIL,JCHACIN-R,2,0,0,0,0,0,0,1,0,3,-105,104,+1.5(-160),9.5,-110,9.5,-120
419,909,V,NYM,JVARGAS-L,2,1,0,1,0,1,0,0,0,5,130,139,+1.5(-150),9.5,-110,9,-110
419,910,H,STL,AWAINWRIGHT-R,0,0,0,1,0,2,0,1,0,4,-150,-149,-1.5(+130),9.5,-110,9,-110
419,911,V,PHI,VVELASQUEZ-R,1,0,0,0,1,0,0,0,0,3,-110,138,+1.5(-140),-110,-110,-110,-110
419,912,H,COL,GMARQUEZ-R,0,0,0,0,0,2,0,0,0,4,-110,-148,-1.5(+120),-110,-110,-110,-110
419,913,V,CIN,ADESCLAFANI-R,1,0,0,0,0,0,0,0,0,3,120,118,+1.5(-175),7.5,-110,8,-105
419,914,H,SDG,MSTRAHM-L,0,0,1,0,0,0,0,0,0,2,-140,-128,-1.5(+151),7.5,-110,8,-115
419,917,V,KAN,JJUNIS-R,0,0,1,0,0,1,0,0,0,2,188,150,+1.5(-140),9,-110,8.5,100
419,918,H,NYY,CSABATHIA-L,0,0,2,0,1,2,1,0,x,6,-225,-160,-1.5(+120),9,-110,8.5,-120
419,919,V,CWS,CRODON-L,1,0,0,0,1,0,5,0,0,7,-115,-104,+1.5(-205),7.5,-110,8.5,-115
419,920,H,DET,JZIMMERMANN-R,0,0,1,0,0,0,1,0,1,3,-105,-106,-1.5(+172),7.5,-110,8.5,-105
419,921,V,BOS,ERODRIGUEZ-L,0,0,0,0,3,1,0,2,0,6,-107,-112,+1.5(-220),8.5,-110,8.5,100
419,922,H,TAM,RSTANEK-R,0,1,1,0,0,2,0,0,0,4,-113,102,-1.5(+184),8.5,-110,8.5,-120
419,923,V,HOU,JVERLANDER-R,3,1,0,0,3,0,0,0,0,7,-195,-220,-1.5(-145),9,-110,9.5,-105
419,924,H,TEX,DSMYLY-L,0,0,0,0,0,1,0,0,1,2,166,200,+1.5(+125),9,-110,9.5,-115
419,925,V,SEA,MGONZALES-L,0,1,0,2,0,0,0,0,2,5,-105,110,+1.5(-200),9,-110,9,100
419,926,H,LAA,FPENA-R,0,0,0,1,0,0,0,2,0,3,-115,-120,-1.5(+170),9,-110,9,-120
419,927,V,TOR,MSTROMAN-R,0,4,0,1,0,0,0,0,0,5,120,122,+1.5(-170),8,-110,8,-110
419,928,H,OAK,ABROOKS-R,1,0,0,0,0,0,0,0,0,1,-140,-132,-1.5(+148),8,-110,8,-110
420,951,V,NYM,CFLEXEN-R,0,0,0,0,0,0,2,0,0,2,-140,134,+1.5(-160),8,-110,9,-115
420,952,H,STL,MMIKOLAS-R,0,3,2,0,1,3,0,1,x,10,120,-144,-1.5(+140),8,-110,9,-105
420,953,V,ARI,ZGREINKE-R,2,1,0,0,0,3,0,0,0,6,115,123,+1.5(-190),7,-110,7,-110
420,954,H,CUB,YDARVISH-R,0,0,0,0,0,0,0,0,0,0,-135,-133,-1.5(+163),7,-110,7,-110
420,955,V,SFO,DHOLLAND-L,0,0,0,0,1,0,x,x,x,1,140,122,+1.5(-190),7.5,-110,7,-125
420,956,H,PIT,JTAILLON-R,0,0,0,1,2,x,x,x,x,3,-160,-132,-1.5(+163),7.5,-110,7,105
420,957,V,WAS,MSCHERZER-R,0,0,2,0,1,0,0,0,0,3,-225,-255,-1.5(-150),7,-110,7,-105
420,958,H,MIA,JURENA-R,2,0,1,0,1,3,1,1,x,9,188,225,+1.5(+130),7,-110,7,-115
420,959,V,LAD,HRYU-L,0,0,0,0,0,0,0,0,0,0,-125,-123,-1.5(+121),9.5,-110,9,-120
420,960,H,MIL,UNDECIDED,0,0,1,0,0,1,3,0,x,5,105,113,+1.5(-141),9.5,-110,9,100
420,961,V,PHI,ANOLA-R,0,0,1,3,0,0,3,0,1,8,-125,-142,-1.5(+103),-110,-110,-110,-110
420,962,H,COL,ASENZATELA-R,1,1,1,0,0,0,0,2,0,5,105,132,+1.5(-123),-110,-110,-110,-110
420,963,V,CIN,LCASTILLO-R,1,0,0,1,1,0,1,0,0,4,-120,-104,-1.5(+163),7.5,-110,7,-130
420,964,H,SDG,ELAUER-L,0,1,0,0,0,0,0,1,0,2,100,-106,+1.5(-190),7.5,-110,7,110
420,965,V,KAN,HFILLMYER-R,0,0,0,0,0,1,0,0,1,2,192,220,+1.5(+110),8.5,-110,8.5,-120
420,966,H,NYY,MTANAKA-R,1,1,0,4,0,2,1,0,x,9,-230,-250,-1.5(-130),8.5,-110,8.5,100
420,969,V,TOR,MSHOEMAKER-R,0,0,1,5,1,2,0,0,1,10,120,137,+1.5(-166),9,-110,8,-115
420,970,H,OAK,MFIERS-R,0,0,0,0,0,0,0,0,1,1,-140,-147,-1.5(+145),9,-110,8,-105
420,971,V,BOS,RPORCELLO-R,0,5,0,0,0,0,0,0,1,6,130,128,+1.5(-175),8.5,-110,8.5,100
420,972,H,TAM,CMORTON-R,0,1,0,1,0,0,2,1,0,5,-150,-138,-1.5(+151),8.5,-110,8.5,-120
420,973,V,MIN,MPEREZ-L,3,1,6,3,0,0,0,2,1,16,-140,-138,-1.5(+115),9.5,-110,-115,-105
420,974,H,BAL,ACOBB-R,0,0,0,2,0,2,0,3,0,7,120,128,+1.5(-135),9.5,-110,-115,-115
420,975,V,HOU,GCOLE-R,0,0,0,0,2,0,2,0,0,4,-230,-255,-1.5(-180),9.5,-110,-120,100
420,976,H,TEX,ASAMPSON-R,5,0,1,0,3,0,0,0,x,9,192,225,+1.5(+155),9.5,-110,-120,-120
420,977,V,SEA,YKIKUCHI-L,2,0,0,2,1,0,1,0,0,6,-110,106,+1.5(-195),9,-110,8.5,-120
420,978,H,LAA,TCAHILL-R,0,0,1,1,2,0,0,0,1,5,-110,-116,-1.5(+166),9,-110,8.5,100
420,979,V,ATL,JTEHERAN-R,1,0,1,0,0,0,2,0,0,4,NL,124,+1.5(-180),7.5,-110,8.5,100
420,980,H,CLE,CKLUBER-R,1,0,0,1,6,0,0,0,x,8,NL,-134,-1.5(+155),7.5,-110,8.5,-120
420,981,V,ATL,UNDECIDED,0,0,0,0,1,0,2,0,5,8,133,150,+1.5(-146),7.5,-110,8,-115
420,982,H,CLE,TBAUER-R,2,5,0,0,0,0,0,0,0,7,-153,-160,-1.5(+126),7.5,-110,8,-105
420,983,V,MIN,JBERRIOS-R,0,2,0,0,1,3,0,0,0,6,-215,-200,-1.5(-125),9.5,-110,9,-120
420,984,H,BAL,DSTRAILY-R,0,0,3,0,0,1,0,1,0,5,180,180,+1.5(+105),9.5,-110,9,100
421,901,V,WAS,S STRASBURG -R,0,0,0,1,0,1,1,0,2,5,-175,-160,-1.5(-105),7.5,-110,7,-115
421,902,H,MIA,T RICHARDS -R,0,0,0,0,0,0,0,0,0,0,151,150,+1.5(-115),7.5,-110,7,-105
421,903,V,SFO,D RODRIGUEZ -R,0,0,0,0,3,0,0,0,0,3,140,132,+1.5(-165),7,-110,7,-110
421,904,H,PIT,C ARCHER -R,0,0,0,2,0,0,0,0,0,2,-160,-142,-1.5(+144),7,-110,7,-110
421,905,V,LAD,C KERSHAW -L,2,2,0,1,0,0,0,0,1,6,-150,-129,-1.5(+119),9,-110,8.5,-105
421,906,H,MIL,B WOODRUFF -R,0,0,0,0,2,0,0,3,0,5,130,119,+1.5(-139),9,-110,8.5,-115
421,907,V,NYM,N SYNDERGAARD -R,1,0,0,1,1,0,1,0,0,4,-120,-132,-1.5(+120),8.5,-110,9,100
421,908,H,STL,D HUDSON -R,0,3,2,1,0,0,0,0,x,6,100,122,+1.5(-140),8.5,-110,9,-120
421,909,V,ARI,R RAY -L,0,0,0,0,0,0,0,0,1,1,-110,-103,+1.5(-205),9,-110,9.5,-105
421,910,H,CUB,T CHATWOOD -R,0,0,0,0,0,1,0,0,1,2,-110,-107,-1.5(+172),9,-110,9.5,-115
421,911,V,PHI,J EICKHOFF -R,0,0,0,0,0,0,0,0,1,1,120,132,+1.5(-145),-110,-110,100,-120
421,912,H,COL,J GRAY -R,0,0,1,0,0,3,0,0,x,4,-140,-142,-1.5(+125),-110,-110,100,100
421,913,V,CIN,T MAHLE -R,0,1,0,0,0,0,2,0,0,3,120,152,+1.5(-155),7.5,-110,7.5,100
421,914,H,SDG,J LUCCHESI -L,0,0,4,0,0,0,0,0,x,4,-140,-162,-1.5(+135),7.5,-110,7.5,-120
421,915,V,MIN,K GIBSON -R,2,0,1,1,0,0,0,0,0,4,-150,-150,-1.5(-104),-110,-110,9,-120
421,916,H,BAL,D BUNDY -R,0,0,2,0,0,0,0,0,1,3,130,140,+1.5(-116),-110,-110,9,100
421,917,V,KAN,J LOPEZ -R,0,0,0,0,0,0,0,6,0,6,199,180,+1.5(-120),8.5,-110,7.5,-115
421,918,H,NYY,J PAXTON -L,1,1,0,0,3,0,0,1,0,7,-240,-200,-1.5(+100),8.5,-110,7.5,-105
421,919,V,CWS,R LOPEZ -R,0,0,0,0,0,0,0,3,0,3,115,100,+1.5(-195),9.5,-110,9,-120
421,920,H,DET,D NORRIS -L,0,1,0,1,0,1,1,0,x,4,-135,-110,-1.5(+166),9.5,-110,9,100
421,921,V,BOS,D PRICE -L,0,0,0,1,0,2,0,0,0,4,110,100,+1.5(-200),7.5,-110,8,100
421,922,H,TAM,T GLASNOW -R,0,0,2,0,0,0,0,1,0,3,-130,-110,-1.5(+170),7.5,-110,8,-120
421,923,V,HOU,C MCHUGH -R,0,0,1,0,0,5,0,2,2,10,-215,-185,-1.5(-130),-110,-110,-115,-105
421,924,H,TEX,S MILLER -R,3,0,4,3,0,1,0,0,x,11,180,170,+1.5(+110),-110,-110,-115,-115
421,925,V,TOR,A SANCHEZ -R,0,0,2,0,0,1,2,0,0,5,140,140,+1.5(-152),8.5,-110,8,-110
421,926,H,OAK,B ANDERSON -L,0,0,0,1,0,0,0,3,0,4,-160,-150,-1.5(+131),8.5,-110,8,-110
421,927,V,SEA,M LEAKE -R,0,0,1,0,0,0,0,0,5,6,-110,109,+1.5(-190),9.5,-110,9.5,105
421,928,H,LAA,H ROBLES -R,0,2,0,1,0,1,2,2,x,8,-110,-119,-1.5(+163),9.5,-110,9.5,-125
421,929,V,ATL,M FRIED -L,2,3,3,1,0,1,1,0,0,11,105,100,+1.5(-205),8,-110,8,-110
421,930,H,CLE,S BIEBER -R,0,0,0,0,0,0,2,1,2,5,-125,-110,-1.5(+172),8,-110,8,-110
422,951,V,ARI,Z GODLEY -R,0,0,1,0,0,0,7,4,0,12,125,123,+1.5(-180),7.5,-110,7.5,-105
422,952,H,PIT,J MUSGROVE -R,0,0,2,0,2,0,0,0,0,4,-145,-133,-1.5(+155),7.5,-110,7.5,-115
422,953,V,PHI,J ARRIETA -R,0,0,0,1,0,0,0,0,0,1,-115,-102,+1.5(-210),8,-110,9,100
422,954,H,NYM,S MATZ -L,0,0,2,0,1,0,2,0,x,5,-105,-108,-1.5(+176),8,-110,9,-120
422,955,V,MIL,A HOUSER -R,0,0,0,0,3,1,0,0,1,5,143,135,+1.5(-160),9,-110,8.5,-115
422,956,H,STL,J FLAHERTY -R,0,1,0,2,2,0,7,1,x,13,-163,-145,-1.5(+140),9,-110,8.5,-105
422,957,V,WAS,J HELLICKSON -R,2,0,0,3,0,0,0,0,0,5,118,112,+1.5(-163),-110,-110,-115,-105
422,958,H,COL,T ANDERSON -L,2,0,0,0,3,0,1,1,x,7,-138,-122,-1.5(+143),-110,-110,-115,-115
422,959,V,CWS,M BANUELOS -L,0,0,0,0,4,0,4,4,0,12,-110,-120,-1.5(+125),-110,-110,9.5,-110
422,960,H,BAL,D HESS -R,0,0,0,0,1,0,0,0,1,2,-110,110,+1.5(-145),-110,-110,9.5,-110
422,961,V,KAN,B KELLER -R,1,0,0,0,1,1,0,0,0,3,160,160,+1.5(-128),8,-110,7.5,-120
422,962,H,TAM,Y CHIRINOS -R,1,0,0,0,0,1,3,1,x,6,-185,-170,-1.5(+110),8,-110,7.5,100
422,965,V,MIN,J ODORIZZI -R,2,1,0,0,0,4,0,2,0,9,160,158,+1.5(-135),9,-110,9.5,-105
422,966,H,HOU,B PEACOCK -R,0,0,0,1,0,1,3,0,0,5,-185,-168,-1.5(+115),9,-110,9.5,-115
422,967,V,NYY,J HAPP -L,1,0,1,0,0,0,0,0,0,4,-115,105,+1.5(-200),8.5,-110,8.5,-105
422,968,H,LAA,M HARVEY -R,0,2,0,0,0,0,0,0,0,3,-105,-115,-1.5(+170),8.5,-110,8.5,-115
422,969,V,TEX,M MINOR -L,0,0,0,0,0,0,1,0,0,1,-110,130,+1.5(-165),8.5,-110,8.5,-110
422,970,H,OAK,C BASSITT -R,0,1,1,0,0,2,0,2,x,6,-110,-140,-1.5(+144),8.5,-110,8.5,-110
423,901,V,ATL,K GAUSMAN -R,0,0,0,0,1,3,1,1,0,6,-110,-122,-1.5(+140),8.5,-110,9.5,100
423,902,H,CIN,S GRAY -R,2,0,0,1,0,4,0,0,x,7,-110,112,+1.5(-160),8.5,-110,9.5,-120
423,903,V,ARI,L WEAVER -R,0,0,0,1,0,1,0,0,0,2,115,-104,+1.5(-212),7.5,-110,8,100
423,904,H,PIT,T WILLIAMS -R,0,1,0,0,0,0,0,0,0,1,-135,-106,-1.5(+178),7.5,-110,8,-120
423,905,V,PHI,Z EFLIN -R,0,0,0,0,0,0,0,0,0,0,105,113,+1.5(-180),8,-110,8.5,-110
423,906,H,NYM,Z WHEELER -R,0,3,0,1,4,1,0,0,x,9,-125,-123,-1.5(+155),8,-110,8.5,-110
423,907,V,MIL,Z DAVIES -R,0,0,0,0,1,1,0,0,1,3,110,107,+1.5(-177),8.5,-110,9,100
423,908,H,STL,Ponce de Leo -R,0,1,0,0,1,0,0,2,x,4,-130,-117,-1.5(+152),8.5,-110,9,-120
423,909,V,LAD,K MAEDA -R,0,0,1,0,0,0,1,0,0,2,-115,100,+1.5(-200),8,-110,8,-115
423,910,H,CUB,J QUINTANA -L,4,2,0,0,0,0,1,0,x,7,-105,-110,-1.5(+170),8,-110,8,-105
423,911,V,WAS,P CORBIN -L,0,0,4,0,0,0,0,0,2,6,-120,-154,-1.5(-112),-110,-110,-125,105
423,912,H,COL,J HOFFMAN -R,0,2,0,0,1,0,0,0,0,3,100,144,+1.5(-108),-110,-110,-125,-125
423,913,V,CWS,I NOVA -R,0,0,0,0,0,1,0,0,0,1,-130,-136,-1.5(+105),-110,-110,9.5,-120
423,914,H,BAL,A CASHNER -R,0,1,3,5,0,0,0,0,x,9,110,126,+1.5(-125),-110,-110,9.5,100
423,915,V,KAN,H BAILEY -R,0,0,0,0,0,0,1,1,0,2,155,170,+1.5(-125),8,-110,8,-110
423,916,H,TAM,R STANEK -R,1,3,0,0,0,1,0,0,x,5,-180,-185,-1.5(+105),8,-110,8,-110
423,917,V,DET,S TURNBULL -R,0,0,0,3,0,0,0,0,1,4,155,165,+1.5(-120),9.5,-110,9,-115
423,918,H,BOS,H VELAZQUEZ -R,0,0,0,0,0,0,1,1,0,2,-180,-180,-1.5(+100),9.5,-110,9,-105
423,919,V,MIN,M PINEDA -R,3,0,0,0,0,0,1,0,0,4,140,140,+1.5(-140),0.5,-110,9.5,-110
423,920,H,HOU,W MILEY -L,0,0,1,0,3,0,2,4,x,10,-160,-150,-1.5(+120),0.5,-110,9.5,-110
423,921,V,NYY,D GERMAN -R,1,1,0,0,2,0,2,1,0,7,-125,-105,-1.5(+148),8.5,-110,8.5,-115
423,922,H,LAA,C STRATTON -R,0,0,0,0,1,0,0,4,0,5,105,-105,+1.5(-170),8.5,-110,8.5,-105
423,923,V,TEX,L LYNN -R,1,1,0,0,0,1,0,0,2,5,115,130,+1.5(-145),8.5,-110,8,-125
423,924,H,OAK,F MONTAS -R,1,1,0,6,2,0,0,1,x,11,-135,-140,-1.5(+125),8.5,-110,8,105
423,925,V,SFO,J SAMARDZIJA -R,0,3,0,0,1,1,0,2,0,7,105,-104,+1.5(-215),8.5,-110,8.5,-105
423,926,H,TOR,T THORNTON -R,0,1,0,0,0,1,0,4,0,6,-125,-106,-1.5(+180),8.5,-110,8.5,-115
423,927,V,MIA,P LOPEZ -R,0,0,0,0,3,0,0,0,0,3,199,205,+1.5(+104),8,-110,7.5,-110
423,928,H,CLE,C CARRASCO -R,0,0,0,0,0,0,1,0,0,1,-240,-230,-1.5(-124),8,-110,7.5,-110
423,929,V,SEA,E Swanson -R,0,0,0,0,2,0,1,0,0,3,105,122,+1.5(-191),8,-110,8,-125
423,930,H,SDG,N MARGEVICIUS -L,0,3,0,0,0,3,0,0,x,6,-125,-132,-1.5(+165),8,-110,8,105
423,931,V,DET,M BOYD -L,0,0,0,1,1,1,0,3,1,7,176,200,+1.5(-115),8,-110,8,100
423,932,H,BOS,C SALE -L,0,0,2,0,0,1,0,0,1,4,-210,-220,-1.5(-105),8,-110,8,-120
424,951,V,MIL,J CHACIN -R,1,0,0,0,0,0,0,0,1,2,-105,115,+1.5(-165),9,-110,8.5,100
424,952,H,STL,A WAINWRIGHT -R,0,0,0,4,0,0,1,0,x,5,-115,-125,-1.5(+144),9,-110,8.5,-120
424,953,V,WAS,A SANCHEZ -R,0,1,2,0,0,0,0,0,2,5,125,150,+1.5(-119),-110,-110,-110,-110
424,954,H,COL,G MARQUEZ -R,0,0,4,2,0,0,0,3,x,9,-145,-160,-1.5(-101),-110,-110,-110,-110
424,955,V,ATL,M SOROKA -R,1,0,0,0,1,0,0,0,1,3,-113,-113,-1.5(+140),9,-110,9.5,-105
424,956,H,CIN,T ROARK -R,1,0,0,0,0,0,0,0,0,1,-107,103,+1.5(-160),9,-110,9.5,-115
424,957,V,ARI,M KELLY -R,2,2,0,0,1,0,3,3,0,11,115,100,+1.5(-205),8,-110,8,-105
424,958,H,PIT,J LYLES -R,0,0,0,1,0,1,0,0,0,2,-135,-110,-1.5(+172),8,-110,8,-115
424,959,V,PHI,V VELASQUEZ -R,1,0,0,0,0,0,0,3,2,6,-105,-126,-1.5(+115),8.5,-110,9,-120
424,960,H,NYM,J VARGAS -L,0,0,0,0,0,0,0,0,0,0,-115,116,+1.5(-135),8.5,-110,9,100
424,961,V,LAD,W BUEHLER -R,0,0,0,1,0,2,0,3,0,6,-115,-116,-1.5(+143),7.5,-110,8,100
424,962,H,CUB,C HAMELS -L,0,0,0,0,0,6,1,0,x,7,-105,106,+1.5(-163),7.5,-110,8,-120
424,963,V,KAN,J JUNIS -R,0,1,1,2,0,4,1,1,0,10,211,210,+1.5(-111),7,-110,7,100
424,964,H,TAM,B SNELL -L,1,0,0,0,0,0,1,0,0,2,-255,-240,-1.5(-109),7,-110,7,-120
424,965,V,TEX,K DOWDY -R,0,1,1,1,0,1,1,0,0,5,125,150,+1.5(-140),9,-110,9.5,100
424,966,H,OAK,A BROOKS -R,0,3,0,0,2,0,0,0,1,6,-145,-160,-1.5(+120),9,-110,9.5,-120
424,967,V,CWS,E SANTANA -R,0,0,1,0,0,1,0,0,1,3,-110,115,+1.5(-173),-110,-110,9.5,-110
424,968,H,BAL,J MEANS -L,2,1,0,1,0,0,0,0,x,4,-110,-125,-1.5(+150),-110,-110,9.5,-110
424,969,V,DET,T ROSS -R,0,0,0,0,0,1,0,0,3,4,172,195,+1.5(+103),9,-110,9.5,-105
424,970,H,BOS,E RODRIGUEZ -L,0,2,0,0,2,0,0,7,x,11,-205,-215,-1.5(-123),9,-110,9.5,-115
424,971,V,MIN,K STEWART -R,0,0,0,1,0,0,0,0,0,1,218,210,+1.5(+105),8.5,-110,9,100
424,972,H,HOU,J VERLANDER -R,0,1,2,2,0,0,0,2,x,7,-265,-240,-1.5(-125),8.5,-110,9,-120
424,973,V,NYY,C SABATHIA -L,0,0,0,0,0,2,3,0,1,6,-105,-114,-1.5(+140),8.5,-110,8.5,100
424,974,H,LAA,C BEDROSIAN -R,1,0,0,4,0,0,0,0,0,5,-115,104,+1.5(-160),8.5,-110,8.5,-120
424,975,V,MIA,S ALCANTARA -R,0,0,0,0,1,0,0,1,0,2,146,147,+1.5(-150),9,-110,9,-120
424,976,H,CLE,J RODRIGUEZ -R,1,0,1,0,0,0,0,4,x,6,-167,-157,-1.5(+130),9,-110,9,100
424,977,V,SEA,F HERNANDEZ -R,0,0,0,0,0,0,0,0,0,0,148,148,+1.5(-134),8.5,-110,8.5,-115
424,978,H,SDG,C PADDACK -R,0,1,0,0,0,0,0,0,x,1,-170,-158,-1.5(+115),8.5,-110,8.5,-105
424,979,V,SFO,D POMERANZ -L,0,0,0,1,1,2,0,0,0,4,104,-122,-1.5(+137),9,-110,8.5,105
424,980,H,TOR,C BUCHHOLZ -R,0,0,0,0,0,0,0,0,0,0,-124,112,+1.5(-157),9,-110,8.5,-125
425,901,V,ARI,Z GREINKE -R,2,0,0,1,2,0,0,0,0,5,-105,-105,+1.5(-215),7,-110,7,105
425,902,H,PIT,J TAILLON -R,0,0,0,0,0,0,0,0,0,0,-115,-105,-1.5(+180),7,-110,7,-125
425,903,V,LAD,R STRIPLING -R,0,0,0,0,1,0,0,1,0,2,-115,-116,-1.5(+135),8,-110,8.5,105
425,904,H,CUB,J LESTER -L,0,0,0,0,0,0,0,0,1,1,-105,106,+1.5(-155),8,-110,8.5,-125
425,905,V,ATL,J TEHERAN -R,0,0,0,0,0,0,0,2,0,2,120,128,+1.5(-148),8.5,-110,9,-120
425,906,H,CIN,L CASTILLO -R,0,0,1,0,2,0,0,1,x,4,-140,-138,-1.5(+129),8.5,-110,9,100
425,907,V,MIA,C SMITH -L,0,0,1,0,0,0,0,0,0,3,155,175,+1.5(-130),7.5,-110,7.5,100
425,908,H,PHI,A NOLA -R,0,1,0,0,0,0,0,0,0,1,-180,-190,-1.5(+110),7.5,-110,7.5,-120
425,909,V,DET,J ZIMMERMANN -R,0,0,3,0,0,0,0,0,0,3,160,205,+1.5(-101),9.5,-110,9.5,-115
425,910,H,BOS,R PORCELLO -R,0,2,3,1,0,1,0,0,x,7,-185,-230,-1.5(-119),9.5,-110,9.5,-105
425,911,V,CLE,T BAUER -R,0,0,1,0,1,0,0,0,0,2,133,135,+1.5(-145),7.5,-110,7.5,-115
425,912,H,HOU,G COLE -R,0,0,1,0,0,0,0,0,0,1,-153,-145,-1.5(+125),7.5,-110,7.5,-105
425,913,V,NYY,M TANAKA -R,0,0,1,1,2,0,0,1,0,5,-130,-112,+1.5(-220),8.5,-110,8,-110
425,914,H,LAA,T CAHILL -R,0,0,0,0,4,2,5,0,x,11,110,102,-1.5(+184),8.5,-110,8,-110
425,915,V,TEX,T HEARN -L,0,0,0,0,0,0,0,2,0,2,148,133,+1.5(-159),9,-110,8.5,-115
425,916,H,SEA,M GONZALES -L,5,0,0,2,2,3,2,0,x,14,-170,-143,-1.5(+138),9,-110,8.5,-105
426,951,V,MIA,J URENA -R,0,0,0,0,0,0,0,0,0,0,160,160,+1.5(-135),8,-110,8.5,-120
426,952,H,PHI,J EICKHOFF -R,1,0,0,1,0,0,0,2,x,4,-185,-170,-1.5(+115),8,-110,8.5,100
426,953,V,SDG,M STRAHM -L,0,0,0,0,1,0,1,1,1,4,160,190,+1.5(-124),7.5,-110,7,-130
426,954,H,WAS,M SCHERZER -R,0,0,0,2,0,0,0,1,0,3,-185,-210,-1.5(+104),7.5,-110,7,110
426,955,V,MIL,C ANDERSON -R,0,0,5,0,4,0,0,1,0,10,144,162,+1.5(-151),7,-110,7,-120
426,956,H,NYM,J DEGROM -R,0,0,0,1,1,0,0,0,0,2,-165,-174,-1.5(+131),7,-110,7,100
426,957,V,COL,A SENZATELA -R,0,0,0,2,0,2,1,3,0,8,148,150,+1.5(-145),8.5,-110,8.5,-110
426,958,H,ATL,M FRIED -L,1,0,0,1,0,1,0,0,1,4,-170,-160,-1.5(+125),8.5,-110,8.5,-110
426,959,V,CIN,A DESCLAFANI -R,1,0,0,2,1,0,0,2,6,12,140,135,+1.5(-150),9,-110,8,-120
426,960,H,STL,M MIKOLAS -R,0,0,0,0,0,0,1,0,0,1,-160,-145,-1.5(+130),9,-110,8,100
426,961,V,CUB,K HENDRICKS -R,0,0,2,1,0,0,0,0,0,3,-105,-102,+1.5(-200),8.5,-110,9,-115
426,962,H,ARI,R RAY -L,3,0,1,0,3,0,0,1,x,8,-115,-108,-1.5(+170),8.5,-110,9,-105
426,963,V,PIT,C ARCHER -R,1,0,0,1,0,0,0,0,0,2,151,165,+1.5(-130),7.5,-110,7.5,100
426,964,H,LAD,H RYU -L,2,1,0,3,0,0,0,0,x,6,-175,-180,-1.5(+110),7.5,-110,7.5,-120
426,965,V,OAK,M FIERS -R,0,0,0,0,0,0,0,2,0,2,115,114,+1.5(-170),8.5,-110,9,-120
426,966,H,TOR,M STROMAN -R,1,0,1,0,0,0,0,0,2,4,-135,-124,-1.5(+148),8.5,-110,9,100
426,969,V,BAL,A COBB -R,0,0,0,0,0,1,0,0,0,1,163,170,+1.5(-125),9.5,-110,9.5,100
426,970,H,MIN,M PEREZ -L,3,0,1,1,1,0,0,0,x,6,-190,-185,-1.5(+105),9.5,-110,9.5,-120
426,971,V,DET,D NORRIS -L,2,1,2,3,1,1,0,1,0,11,125,117,+1.5(-170),8.5,-110,8.5,-115
426,972,H,CWS,C RODON -L,1,0,0,1,2,5,2,0,1,12,-145,-127,-1.5(+148),8.5,-110,8.5,-105
426,973,V,CLE,C KLUBER -R,0,0,1,1,1,0,1,0,2,6,135,113,+1.5(-175),8.5,-110,8.5,-130
426,974,H,HOU,C MCHUGH -R,0,2,0,1,0,0,0,0,0,3,-155,-123,-1.5(+151),8.5,-110,8.5,110
426,975,V,LAA,T SKAGGS -L,2,0,0,0,1,1,0,1,0,5,-125,-105,-1.5(+148),9,-110,9,-105
426,976,H,KAN,D DUFFY -L,0,0,0,0,0,0,0,0,1,1,105,-105,+1.5(-170),9,-110,9,-115
426,977,V,TEX,S MILLER -R,0,0,0,2,0,0,0,1,1,4,151,130,+1.5(-160),9,-110,9.5,100
426,978,H,SEA,Y KIKUCHI -L,0,0,3,0,1,0,0,0,0,5,-175,-140,-1.5(+140),9,-110,9.5,-120
426,979,V,NYY,J PAXTON -L,2,0,1,0,1,1,0,0,2,7,-115,-110,-1.5(+160),7,-110,6,-110
426,980,H,SFO,M BUMGARNER -L,1,0,0,0,0,2,0,0,0,3,-105,100,+1.5(-185),7,-110,6,-110
427,901,V,CIN,T MAHLE -R,0,0,2,0,0,1,0,0,0,3,125,113,+1.5(-180),9,-110,9,-115
427,902,H,STL,D HUDSON -R,0,0,3,0,2,1,0,0,x,6,-145,-123,-1.5(+155),9,-110,9,-105
427,903,V,SDG,E LAUER -L,0,2,0,0,0,0,0,0,0,8,155,152,+1.5(-147),8,-110,8.5,-105
427,904,H,WAS,S STRASBURG -R,0,0,0,0,0,2,0,0,0,3,-180,-162,-1.5(+127),8,-110,8.5,-115
427,905,V,MIA,T RICHARDS -R,0,0,1,0,0,4,2,2,0,9,160,180,+1.5(-115),8,-110,8,-115
427,906,H,PHI,J ARRIETA -R,0,4,0,1,5,0,0,2,x,12,-185,-200,-1.5(-105),8,-110,8,-105
427,907,V,MIL,B WOODRUFF -R,1,0,2,2,0,1,0,2,0,8,130,122,+1.5(-185),7.5,-110,7,-125
427,908,H,NYM,N SYNDERGAARD -R,0,0,1,0,0,0,4,1,0,6,-150,-132,-1.5(+160),7.5,-110,7,105
427,909,V,COL,J GRAY -R,0,1,0,1,0,0,2,0,5,9,-105,102,+1.5(-210),8,-110,8.5,-115
427,910,H,ATL,M FOLTYNEWICZ -R,1,1,0,0,3,0,0,0,0,5,-115,-112,-1.5(+176),8,-110,8.5,-105
427,911,V,CUB,Y DARVISH -R,0,0,5,0,2,0,2,0,0,9,-115,104,-1.5(+149),9,-110,-125,105
427,912,H,ARI,Z GODLEY -R,0,0,0,0,0,1,0,0,0,1,-105,-114,+1.5(-172),9,-110,-125,-125
427,913,V,PIT,J MUSGROVE -R,0,0,1,0,0,0,0,0,0,1,163,190,+1.5(-117),7,-110,7.5,100
427,914,H,LAD,C KERSHAW -L,0,0,0,0,0,0,3,0,x,3,-190,-210,-1.5(-104),7,-110,7.5,-120
427,915,V,BAL,D STRAILY -R,0,0,0,1,1,0,0,0,0,2,215,225,+1.5(+101),9,-110,9,100
427,916,H,MIN,J BERRIOS -R,0,0,1,0,0,2,2,4,x,9,-260,-255,-1.5(-121),9,-110,9,-120
427,917,V,OAK,B ANDERSON -L,0,0,0,0,1,0,0,0,0,1,-115,-105,-1.5(+148),9,-110,9,-120
427,918,H,TOR,A SANCHEZ -R,2,2,0,0,2,1,0,0,x,7,-105,-105,+1.5(-170),9,-110,9,100
427,919,V,CLE,S BIEBER -R,0,0,0,1,0,0,2,0,0,3,125,140,+1.5(-160),8.5,-110,9,100
427,920,H,HOU,B PEACOCK -R,0,1,0,0,0,2,0,0,0,4,-145,-150,-1.5(+140),8.5,-110,9,-120
427,921,V,TAM,C MORTON -R,1,0,0,1,0,0,0,0,0,2,120,120,+1.5(-185),8.5,-110,9,110
427,922,H,BOS,D PRICE -L,0,0,0,0,0,0,0,1,0,1,-140,-130,-1.5(+160),8.5,-110,9,-130
427,925,V,LAA,J BARRIA -R,1,0,0,3,0,0,0,0,0,4,-110,-116,-1.5(+142),9,-110,9,100
427,926,H,KAN,J LOPEZ -R,0,1,6,0,2,0,0,0,x,9,-110,106,+1.5(-163),9,-110,9,-120
427,927,V,TEX,M MINOR -L,3,3,2,0,1,1,0,1,4,15,105,-107,-1.5(+143),8.5,-110,8.5,100
427,928,H,SEA,M LEAKE -R,1,0,0,0,0,0,0,0,0,1,-125,-103,+1.5(-164),8.5,-110,8.5,-120
427,929,V,NYY,J HAPP -L,0,0,1,0,5,0,0,0,0,6,-120,-104,+1.5(-215),8,-110,7.5,105
427,930,H,SFO,D HOLLAND -L,0,0,0,0,0,0,0,0,4,4,100,-106,-1.5(+180),8,-110,7.5,-125
428,951,V,MIA,P LOPEZ -R,0,0,0,1,0,0,0,0,0,1,148,160,+1.5(-140),8,-110,7.5,-110
428,952,H,PHI,Z EFLIN -R,1,0,2,0,0,1,0,1,x,5,-170,-170,-1.5(+120),8,-110,7.5,-110
428,953,V,MIL,G GONZALEZ -L,0,0,0,0,0,0,2,0,0,2,-101,112,+1.5(-190),8,-110,8,-115
428,954,H,NYM,S MATZ -L,1,1,0,0,0,0,1,2,x,5,-119,-122,-1.5(+163),8,-110,8,-105
428,955,V,COL,T ANDERSON -L,0,0,4,1,0,1,0,1,0,7,140,155,+1.5(-135),9,-110,9,-120
428,956,H,ATL,K GAUSMAN -R,3,0,1,1,0,0,0,3,x,8,-160,-165,-1.5(+115),9,-110,9,100
428,957,V,SDG,J LUCCHESI -L,1,1,4,0,0,0,0,0,0,6,110,-121,-1.5(+129),8.5,-110,8.5,-120
428,958,H,WAS,J HELLICKSON -R,0,0,4,1,1,0,0,0,0,7,-130,111,+1.5(-149),8.5,-110,8.5,100
428,959,V,CIN,S GRAY -R,0,0,0,0,0,0,0,0,2,2,120,130,+1.5(-174),8,-110,7.5,-105
428,960,H,STL,J FLAHERTY -R,0,0,0,2,0,0,0,3,x,5,-140,-140,-1.5(+150),8,-110,7.5,-115
428,961,V,CUB,J QUINTANA -L,0,0,2,1,0,0,0,0,0,6,-110,-110,-1.5(+148),9,-110,8.5,-125
428,962,H,ARI,L WEAVER -R,0,0,0,1,0,2,0,0,0,5,-110,100,+1.5(-170),9,-110,8.5,105
428,963,V,PIT,T WILLIAMS -R,1,4,0,0,0,0,0,1,0,6,148,170,+1.5(-130),8,-110,8,-105
428,964,H,LAD,R HILL -L,1,0,0,1,3,0,2,0,x,7,-170,-185,-1.5(+110),8,-110,8,-115
428,965,V,TAM,T GLASNOW -R,2,2,0,0,0,0,0,0,1,5,125,120,+1.5(-170),8.5,-110,8,-110
428,966,H,BOS,C SALE -L,0,0,0,0,0,1,1,0,0,2,-145,-130,-1.5(+148),8.5,-110,8,-110
428,967,V,OAK,C BASSITT -R,0,0,1,0,0,0,0,0,0,4,-119,-125,-1.5(+120),9,-110,9.5,100
428,968,H,TOR,T THORNTON -R,1,0,0,0,0,0,0,0,0,5,-101,115,+1.5(-140),9,-110,9.5,-120
428,969,V,DET,M BOYD -L,0,1,0,0,0,0,0,0,0,1,NL,-120,-1.5(+140),8.5,-110,8,-105
428,970,H,CWS,M BANUELOS -L,2,0,0,0,0,0,1,1,x,4,NL,110,+1.5(-160),8.5,-110,8,-115
428,971,V,BAL,D BUNDY -R,0,0,0,0,0,0,1,0,0,1,160,190,+1.5(-110),9,-110,9,110
428,972,H,MIN,K GIBSON -R,1,0,3,0,0,0,0,0,x,4,-185,-210,-1.5(-110),9,-110,9,-130
428,973,V,LAA,M HARVEY -R,3,0,1,0,0,0,0,0,3,7,-105,-110,-1.5(+148),9,-110,9.5,110
428,974,H,KAN,H BAILEY -R,0,0,0,1,0,0,0,1,1,3,-115,100,+1.5(-170),9,-110,9.5,-130
428,975,V,TEX,L LYNN -R,1,0,4,0,4,0,1,3,1,14,115,117,+1.5(-170),9,-110,8.5,-120
428,976,H,SEA,E Swanson -R,0,0,0,1,0,0,0,0,0,1,-135,-127,-1.5(+148),9,-110,8.5,100
428,977,V,CLE,C CARRASCO -R,0,0,0,1,0,0,0,0,0,1,115,-102,-1.5(+167),8.5,-110,8.5,-115
428,978,H,HOU,W MILEY -L,0,0,0,0,0,0,4,0,x,4,-135,-108,+1.5(-193),8.5,-110,8.5,-105
428,979,V,NYY,D GERMAN -R,2,2,2,0,0,2,0,0,3,11,-115,-125,-1.5(+130),7.5,-110,7.5,105
428,980,H,SFO,D RODRIGUEZ -R,0,0,0,0,0,4,0,0,1,5,-105,115,+1.5(-150),7.5,-110,7.5,-125
429,901,V,STL,M WACHA -R,0,0,0,0,6,0,0,0,0,6,135,124,+1.5(-170),8,-110,8.5,-105
429,902,H,WAS,P CORBIN -L,0,3,0,0,0,0,0,0,0,3,-155,-134,-1.5(+148),8,-110,8.5,-115
429,903,V,CIN,T ROARK -R,0,4,0,0,0,0,0,0,1,5,125,142,+1.5(-150),8,-110,7.5,100
429,904,H,NYM,Z WHEELER -R,0,2,0,2,0,0,0,0,0,4,-145,-152,-1.5(+130),8,-110,7.5,-120
429,905,V,SDG,N MARGEVICIUS -L,1,0,0,0,0,0,0,0,0,1,125,150,+1.5(-145),8.5,-110,9,-110
429,906,H,ATL,M SOROKA -R,0,0,2,0,1,0,0,0,x,3,-145,-160,-1.5(+125),8.5,-110,9,-110
429,907,V,COL,K FREELAND -L,0,0,0,0,0,1,0,0,0,1,115,-105,+1.5(-195),8.5,-110,8.5,-120
429,908,H,MIL,Z DAVIES -R,4,0,1,0,0,0,0,0,x,5,-135,-105,-1.5(+166),8.5,-110,8.5,100
429,909,V,LAD,K MAEDA -R,0,0,0,0,0,2,0,0,0,2,-145,-150,-1.5(+105),7.5,-110,8,-110
429,910,H,SFO,J SAMARDZIJA -R,0,0,0,0,0,0,3,0,x,3,125,140,+1.5(-125),7.5,-110,8,-110
429,911,V,OAK,F MONTAS -R,0,4,0,0,0,0,0,0,0,4,120,124,+1.5(-165),9,-110,9,-120
429,912,H,BOS,E RODRIGUEZ -L,0,0,6,0,1,0,1,1,x,9,-140,-134,-1.5(+144),9,-110,9,100
429,913,V,HOU,J VERLANDER -R,0,0,0,0,0,0,0,0,0,0,-170,-165,-1.5(-115),8,-110,8,-110
429,914,H,MIN,J ODORIZZI -R,0,0,1,0,0,0,0,0,x,1,148,155,+1.5(-105),8,-110,8,-110
429,915,V,BAL,J MEANS -L,0,0,1,0,0,1,0,1,0,3,115,118,+1.5(-180),8.5,-110,8.5,-110
429,916,H,CWS,M BANUELOS -L,0,2,2,0,0,0,1,0,x,5,-135,-128,-1.5(+155),8.5,-110,8.5,-110
429,917,V,TAM,R STANEK -R,1,3,0,0,1,0,0,1,2,8,-125,-148,-1.5(-109),8.5,-110,8.5,-115
429,918,H,KAN,B KELLER -R,0,0,3,0,0,0,1,0,1,5,105,138,+1.5(-111),8.5,-110,8.5,-105
430,951,V,STL,A WAINWRIGHT -R,0,0,0,3,0,0,0,0,0,3,-110,-118,-1.5(+125),9,-110,9.5,-125
430,952,H,WAS,A SANCHEZ -R,0,0,2,0,0,0,0,0,0,2,-110,108,+1.5(-145),9,-110,9.5,105
430,953,V,CIN,L CASTILLO -R,0,0,0,0,0,1,0,0,2,3,-120,-106,-1.5(+154),8,-110,7.5,-115
430,954,H,NYM,J VARGAS -L,0,0,1,0,0,0,1,1,0,4,100,-104,+1.5(-177),8,-110,7.5,-105
430,955,V,SDG,C PADDACK -R,1,0,1,0,0,2,0,0,0,4,-105,100,+1.5(-220),8.5,-110,8.5,-120
430,956,H,ATL,J TEHERAN -R,0,2,0,0,0,0,0,1,0,3,-115,-110,-1.5(+184),8.5,-110,8.5,100
430,957,V,COL,G MARQUEZ -R,0,0,0,0,0,0,0,0,3,3,-115,-107,-1.5(+143),8.5,-110,8,-115
430,958,H,MIL,J CHACIN -R,0,0,0,0,0,1,3,0,x,4,-105,-103,+1.5(-163),8.5,-110,8,-105
430,959,V,LAD,W BUEHLER -R,0,0,0,3,0,6,1,0,0,10,-170,-145,-1.5(+120),7.5,-110,7,-125
430,960,H,SFO,D POMERANZ -L,0,1,0,0,0,2,0,0,0,3,148,135,+1.5(-140),7.5,-110,7,105
430,961,V,OAK,A BROOKS -R,0,0,0,0,0,0,0,0,1,1,125,150,+1.5(-125),9.5,-110,9.5,-120
430,962,H,BOS,R PORCELLO -R,1,1,0,2,1,0,0,0,x,5,-145,-160,-1.5(+105),9.5,-110,9.5,100
430,963,V,HOU,G COLE -R,0,0,1,0,2,4,0,4,0,11,-150,-160,-1.5(+105),8.5,-110,7.5,-120
430,964,H,MIN,M PINEDA -R,0,0,0,0,0,0,0,0,0,0,130,150,+1.5(-125),8.5,-110,7.5,100
430,969,V,TOR,C BUCHHOLZ -R,0,0,0,1,2,0,0,0,0,3,110,138,+1.5(-155),8.5,-110,9,-110
430,970,H,LAA,G CANNING -R,0,0,0,3,0,0,0,1,x,4,-130,-148,-1.5(+135),8.5,-110,9,-110
430,971,V,DET,S TURNBULL -R,0,0,3,0,0,0,0,0,0,3,170,175,+1.5(-124),8.5,-110,8.5,-105
430,972,H,PHI,V VELASQUEZ -R,1,0,0,0,0,0,0,0,0,1,-200,-190,-1.5(+103),8.5,-110,8.5,-115
430,973,V,CLE,T BAUER -R,0,2,4,0,0,0,0,1,0,7,-175,-200,-1.5(-125),7,-110,7,-120
430,974,H,MIA,S ALCANTARA -R,1,2,0,1,0,0,0,0,0,4,151,180,+1.5(+105),7,-110,7,100
430,975,V,PIT,J LYLES -R,0,0,0,0,0,0,0,0,3,6,-110,100,+1.5(-195),-110,-110,-110,-110
430,976,H,TEX,A SAMPSON -R,0,0,0,2,0,0,0,1,0,4,-110,-110,-1.5(+166),-110,-110,-110,-110
430,977,V,NYY,C SABATHIA -L,0,0,0,1,0,0,0,0,0,1,115,135,+1.5(-164),8.5,-110,8.5,100
430,978,H,ARI,Z GREINKE -R,0,1,0,1,0,0,0,1,x,3,-135,-145,-1.5(+143),8.5,-110,8.5,-120
430,979,V,CUB,C HAMELS -L,1,0,0,1,2,0,0,2,0,6,-140,-129,-1.5(+105),8.5,-110,9,-105
430,980,H,SEA,F HERNANDEZ -R,0,0,0,3,0,1,1,0,0,5,120,119,+1.5(-125),8.5,-110,9,-115
501,901,V,STL,M MIKOLAS -R,3,0,0,0,0,0,0,2,0,5,146,130,+1.5(-167),7.5,-110,7.5,-115
501,902,H,WAS,M SCHERZER -R,0,0,0,1,0,0,0,0,0,1,-168,-140,-1.5(+146),7.5,-110,7.5,-105
501,903,V,CIN,A DESCLAFANI -R,0,0,0,0,0,0,0,0,1,1,148,170,+1.5(-135),7,-110,7,100
501,904,H,NYM,J DEGROM -R,0,0,0,0,0,0,0,0,0,0,-170,-185,-1.5(+115),7,-110,7,-120
501,905,V,SDG,C QUANTRILL -R,0,0,0,1,0,0,0,0,0,1,135,130,+1.5(-160),9,-110,9,-110
501,906,H,ATL,M FRIED -L,1,0,0,0,1,0,3,0,x,5,-155,-140,-1.5(+140),9,-110,9,-110
501,907,V,COL,A SENZATELA -R,3,0,0,0,0,3,0,4,1,11,114,135,+1.5(-205),9,-110,8.5,-120
501,908,H,MIL,J BARNES -R,2,0,0,0,2,0,0,0,0,4,-134,-145,-1.5(+172),9,-110,8.5,100
501,909,V,LAD,H RYU -L,0,0,0,0,0,1,0,0,0,1,-140,-130,-1.5(+127),7,-110,7,-105
501,910,H,SFO,M BUMGARNER -L,1,0,0,0,0,0,0,0,1,2,120,120,+1.5(-147),7,-110,7,-115
501,911,V,OAK,M FIERS -R,0,1,0,0,0,0,0,0,2,3,120,126,+1.5(-150),9.5,-110,9.5,-110
501,912,H,BOS,H VELAZQUEZ -R,0,1,0,1,1,3,0,1,x,7,-140,-136,-1.5(+130),9.5,-110,9.5,-110
501,913,V,HOU,C MCHUGH -R,0,0,0,0,0,0,0,0,2,2,-153,-147,-1.5(+105),8.5,-110,9,-110
501,914,H,MIN,M PEREZ -L,0,0,3,0,1,0,0,2,x,6,133,137,+1.5(-125),8.5,-110,9,-110
501,915,V,BAL,D HESS -R,0,0,0,3,0,0,1,1,0,5,149,165,+1.5(-120),8.5,-110,9,100
501,916,H,CWS,C RODON -L,1,0,3,0,0,0,0,0,0,4,-172,-180,-1.5(+100),8.5,-110,9,-120
501,917,V,TAM,B SNELL -L,0,0,0,0,0,0,0,0,2,2,NL,-220,-1.5(-145),8.5,-110,8,-110
501,918,H,KAN,G SPARKMAN -R,3,0,1,4,0,0,0,0,x,8,NL,200,+1.5(+125),8.5,-110,8,-110
501,919,V,TOR,M STROMAN -R,0,0,0,0,1,2,0,0,0,3,-105,-101,+1.5(-225),8.5,-110,8.5,-105
501,920,H,LAA,L BARD -R,1,0,0,4,1,0,0,0,x,6,-115,-109,-1.5(+188),8.5,-110,8.5,-115
501,921,V,PIT,J TAILLON -R,0,0,0,4,0,0,2,1,0,7,-115,-136,-1.5(+107),-110,-110,100,-120
501,922,H,TEX,S MILLER -R,0,1,0,0,0,1,3,0,0,5,-105,126,+1.5(-127),-110,-110,100,100
501,923,V,NYY,M TANAKA -R,0,0,0,0,0,1,0,1,0,2,-127,-115,-1.5(+144),8.5,-110,7.5,-115
501,924,H,ARI,M KELLY -R,0,2,0,1,0,0,0,0,x,3,107,105,+1.5(-165),8.5,-110,7.5,-105
501,925,V,CUB,J LESTER -L,0,6,1,2,0,0,0,0,2,11,-113,-102,-1.5(+142),8.5,-110,9,-110
501,926,H,SEA,M GONZALES -L,0,0,0,0,0,0,0,0,0,0,-107,-108,+1.5(-164),8.5,-110,9,-110
501,927,V,DET,D NORRIS -L,0,0,0,0,0,1,1,1,0,3,166,210,+1.5(-101),8.5,-110,8,-105
501,928,H,PHI,A NOLA -R,0,1,0,0,0,0,4,2,x,7,-195,-240,-1.5(-119),8.5,-110,8,-115
501,929,V,CLE,C KLUBER -R,0,0,1,0,0,0,0,0,1,2,-167,-120,-1.5(+144),7,-110,6.5,105
501,930,H,MIA,C SMITH -L,1,0,0,2,0,1,0,0,x,4,146,110,+1.5(-165),7,-110,6.5,-125
501,931,V,BAL,A CASHNER -R,1,0,0,3,0,1,1,0,0,6,128,132,+1.5(-160),8.5,-110,9,100
501,932,H,CWS,I NOVA -R,0,1,1,3,0,0,0,0,2,7,-148,-142,-1.5(+140),8.5,-110,9,-120
501,933,V,TAM,R STANEK -R,0,2,0,0,0,0,0,0,0,2,-147,-135,-1.5(+115),8.5,-110,8.5,-115
501,934,H,KAN,J JUNIS -R,3,0,0,0,0,0,0,0,x,3,127,125,+1.5(-135),8.5,-110,8.5,-105
502,951,V,CIN,T MAHLE -R,0,0,0,0,0,0,0,0,0,0,140,164,+1.5(-130),7.5,-110,7.5,-115
502,952,H,NYM,N SYNDERGAARD -R,0,0,1,0,0,0,0,0,x,1,-160,-178,-1.5(+110),7.5,-110,7.5,-105
502,953,V,SDG,M STRAHM -L,0,0,1,0,5,5,0,0,0,11,110,137,+1.5(-150),8.5,-110,8.5,-105
502,954,H,ATL,M FOLTYNEWICZ -R,0,0,0,0,0,2,0,0,0,2,-130,-147,-1.5(+130),8.5,-110,8.5,-115
502,955,V,COL,J GRAY -R,4,3,0,2,1,0,0,0,1,11,-105,106,+1.5(-200),9,-110,8,-115
502,956,H,MIL,F PERALTA -R,0,0,3,1,0,1,0,0,1,6,-115,-116,-1.5(+170),9,-110,8,-105
502,957,V,STL,D HUDSON -R,0,0,1,0,0,0,0,0,0,1,140,140,+1.5(-155),8.5,-110,8.5,-120
502,958,H,WAS,S STRASBURG -R,0,0,0,2,0,0,0,0,x,2,-160,-150,-1.5(+135),8.5,-110,8.5,100
502,959,V,HOU,B PEACOCK -R,1,0,0,0,0,0,1,0,0,2,-115,105,+1.5(-190),8.5,-110,8,-115
502,960,H,MIN,J BERRIOS -R,0,0,1,6,1,0,0,0,x,8,-105,-115,-1.5(+163),8.5,-110,8,-105
502,961,V,TAM,C MORTON -R,0,0,0,0,1,0,0,0,2,3,-165,-162,-1.5(-115),8.5,-110,8,-125
502,962,H,KAN,D DUFFY -L,0,0,1,0,0,0,0,0,0,1,144,152,+1.5(-105),8.5,-110,8,105
502,963,V,BOS,D PRICE -L,1,0,2,0,0,0,1,0,0,4,-160,-178,-1.5(-129),8.5,-110,9,100
502,964,H,CWS,L GIOLITO -R,2,0,0,0,0,1,0,0,3,6,140,164,+1.5(+110),8.5,-110,9,-120
502,965,V,TOR,A SANCHEZ -R,0,0,0,0,1,1,0,0,0,2,115,152,+1.5(-140),8.5,-110,8.5,-115
502,966,H,LAA,T SKAGGS -L,0,2,1,2,0,1,0,0,x,6,-135,-162,-1.5(+120),8.5,-110,8.5,-105
503,901,V,STL,J FLAHERTY -R,0,0,0,0,0,0,0,0,0,0,-105,-108,-1.5(+158),7.5,-110,7.5,-105
503,902,H,CUB,K HENDRICKS -R,0,0,3,0,0,0,1,0,x,4,-115,-102,+1.5(-183),7.5,-110,7.5,-115
503,903,V,WAS,J HELLICKSON -R,0,0,1,0,0,1,0,0,0,2,144,163,+1.5(-130),9,-110,9,-120
503,904,H,PHI,J EICKHOFF -R,1,0,0,0,0,3,0,0,x,4,-165,-176,-1.5(+110),9,-110,9,100
503,905,V,ATL,K GAUSMAN -R,1,0,1,1,0,2,2,0,0,7,-150,-158,-1.5(-101),8,-110,8,-115
503,906,H,MIA,J URENA -R,0,1,0,0,0,1,0,0,0,2,130,148,+1.5(-119),8,-110,8,-105
503,907,V,SFO,T BEEDE -R,0,0,0,3,0,4,0,3,1,12,148,135,+1.5(-165),8.5,-110,8,100
503,908,H,CIN,S GRAY -R,3,0,5,1,1,0,1,0,0,11,-170,-145,-1.5(+144),8.5,-110,8,-120
503,909,V,NYM,S MATZ -L,1,0,0,0,0,0,0,0,0,1,103,115,+1.5(-185),8.5,-110,8.5,-125
503,910,H,MIL,B WOODRUFF -R,1,0,0,0,2,0,0,0,x,3,-123,-125,-1.5(+160),8.5,-110,8.5,105
503,911,V,ARI,R RAY -L,0,2,2,0,3,0,2,1,0,10,-115,-105,-1.5(+135),-110,-110,-120,100
503,912,H,COL,T ANDERSON -L,0,0,0,4,0,2,0,0,3,9,-105,-105,+1.5(-155),-110,-110,-120,-120
503,913,V,LAD,C KERSHAW -L,0,0,0,0,1,1,1,0,1,4,-185,-153,-1.5(+115),7,-110,7.5,100
503,914,H,SDG,E LAUER -L,2,0,1,0,0,0,0,0,0,3,160,143,+1.5(-135),7,-110,7.5,-120
503,915,V,TAM,T GLASNOW -R,1,0,0,4,0,2,0,0,0,7,-200,-240,-1.5(-142),9,-110,9.5,-105
503,916,H,BAL,D STRAILY -R,0,0,0,0,0,0,0,0,0,0,170,210,+1.5(+123),9,-110,9.5,-115
503,917,V,MIN,K GIBSON -R,0,0,1,0,0,0,0,2,0,3,135,140,+1.5(-155),8,-110,7.5,-120
503,918,H,NYY,J PAXTON -L,1,1,0,2,1,0,1,0,x,6,-155,-150,-1.5(+135),8,-110,7.5,100
503,919,V,KAN,J LOPEZ -R,0,0,0,2,0,0,0,0,1,3,130,135,+1.5(-150),8,-110,8,-110
503,920,H,DET,M BOYD -L,3,0,1,0,0,0,0,0,x,4,-150,-145,-1.5(+131),8,-110,8,-110
503,921,V,SEA,Y KIKUCHI -L,0,0,0,1,0,0,0,0,0,1,125,133,+1.5(-165),8.5,-110,8.5,-115
503,922,H,CLE,S BIEBER -R,0,0,0,1,0,0,0,0,1,2,-145,-143,-1.5(+144),8.5,-110,8.5,-105
503,923,V,TOR,T THORNTON -R,0,0,0,0,0,0,0,0,0,1,140,130,+1.5(-151),9.5,-110,9,-110
503,924,H,TEX,M MINOR -L,0,0,0,0,0,0,0,0,0,0,-160,-140,-1.5(+131),9.5,-110,9,-110
503,925,V,BOS,C SALE -L,3,0,0,0,0,3,0,0,0,6,-170,-172,-1.5(-115),8.5,-110,8,-120
503,926,H,CWS,R LOPEZ -R,0,0,0,0,0,0,0,1,0,1,148,161,+1.5(-105),8.5,-110,8,100
503,927,V,OAK,B ANDERSON -L,0,5,2,4,0,0,2,0,1,14,120,110,+1.5(-200),8,-110,7.5,-115
503,928,H,PIT,J MUSGROVE -R,1,0,0,0,0,0,0,0,0,1,-140,-120,-1.5(+170),8,-110,7.5,-105
504,951,V,STL,M WACHA -R,0,1,1,3,0,0,0,0,0,5,-101,107,+1.5(-185),8,-110,8.5,-105
504,952,H,CUB,Y DARVISH -R,1,0,0,4,0,0,0,1,x,6,-119,-117,-1.5(+160),8,-110,8.5,-115
504,953,V,ATL,M SOROKA -R,0,0,0,0,0,5,4,0,0,9,-170,-156,-1.5(-110),8,-110,7.5,-105
504,954,H,MIA,T RICHARDS -R,0,2,0,0,0,0,0,0,0,2,148,146,+1.5(-110),8,-110,7.5,-115
504,955,V,WAS,P CORBIN -L,1,0,1,0,1,0,2,4,1,10,100,100,+1.5(-210),8,-110,8,-120
504,956,H,PHI,J ARRIETA -R,1,1,0,1,0,0,5,0,0,8,-120,-110,-1.5(+176),8,-110,8,100
504,957,V,NYM,Z WHEELER -R,0,1,0,0,0,0,0,0,1,3,-111,104,+1.5(-210),9,-110,9,-105
504,958,H,MIL,G GONZALEZ -L,0,0,2,0,0,0,0,0,0,4,-109,-114,-1.5(+176),9,-110,9,-115
504,959,V,SFO,D RODRIGUEZ -R,0,1,0,0,0,0,1,0,0,2,770,114,+1.5(-185),9,-110,8.5,-125
504,960,H,CIN,T ROARK -R,1,4,0,1,2,0,1,0,x,9,-1235,-124,-1.5(+160),9,-110,8.5,105
504,961,V,ARI,L WEAVER -R,0,3,4,0,0,1,0,0,1,9,110,124,+1.5(-155),-110,-110,100,-120
504,962,H,COL,K FREELAND -L,0,0,0,1,0,0,0,1,0,2,-130,-134,-1.5(+135),-110,-110,100,100
504,963,V,LAD,R HILL -L,0,1,0,0,0,5,0,0,1,7,-145,100,-1.5(+155),8,-110,7.5,-120
504,964,H,SDG,J LUCCHESI -L,1,0,2,0,0,3,0,0,0,6,125,-110,+1.5(-180),8,-110,7.5,100
504,965,V,MIN,J ODORIZZI -R,0,0,2,0,1,1,1,1,1,7,110,107,+1.5(-185),8.5,-110,9,-115
504,966,H,NYY,J HAPP -L,0,0,0,0,0,0,2,1,0,3,-130,-117,-1.5(+160),8.5,-110,9,-105
504,967,V,SEA,M LEAKE -R,0,1,0,1,1,0,0,1,0,4,151,176,+1.5(-120),8,-110,8.5,-110
504,968,H,CLE,C CARRASCO -R,0,1,1,1,0,0,0,2,x,5,-175,-192,-1.5(+100),8,-110,8.5,-110
504,969,V,KAN,H BAILEY -R,4,1,2,0,2,0,0,6,0,15,108,-103,+1.5(-205),8.5,-110,9,-105
504,970,H,DET,T ROSS -R,0,0,2,0,0,0,0,1,0,3,-128,-107,-1.5(+172),8.5,-110,9,-115
504,971,V,TAM,UNDECIDED,0,0,0,0,0,0,0,0,0,0,-183,-170,-1.5(-115),9.5,-110,9,-115
504,972,H,BAL,D BUNDY -R,1,0,1,1,0,0,0,0,x,3,158,160,+1.5(-105),9.5,-110,9,-105
504,973,V,HOU,W MILEY -L,1,2,2,1,2,2,0,4,0,14,-140,-136,-1.5(+110),9.5,-110,100,-120
504,974,H,LAA,T CAHILL -R,0,0,0,1,0,1,0,0,0,2,120,126,+1.5(-130),9.5,-110,100,100
504,975,V,BOS,E RODRIGUEZ -L,0,0,9,5,1,0,0,0,0,15,-145,-169,-1.5(-110),9,-110,9,105
504,976,H,CWS,M BANUELOS -L,1,0,0,0,0,0,0,1,0,2,125,159,+1.5(-110),9,-110,9,-125
504,977,V,TOR,T PANNONE -L,1,0,1,3,0,0,0,0,0,5,130,110,+1.5(-170),-110,-110,-110,-110
504,978,H,TEX,L LYNN -R,1,4,3,0,0,0,0,0,x,8,-150,-120,-1.5(+148),-110,-110,-110,-110
504,979,V,OAK,C BASSITT -R,3,0,0,0,1,0,0,0,0,4,-110,-105,-1.5(+165),7.5,-110,7.5,-120
504,980,H,PIT,T WILLIAMS -R,0,1,2,0,0,0,3,0,x,6,-110,-105,+1.5(-191),7.5,-110,7.5,100
505,901,V,ATL,J TEHERAN -R,0,0,0,0,0,0,1,0,0,3,-150,-116,-1.5(+142),8,-110,7.5,100
505,902,H,MIA,P LOPEZ -R,0,0,0,0,0,0,0,1,0,1,130,106,+1.5(-162),8,-110,7.5,-120
505,903,V,WAS,A SANCHEZ -R,0,0,0,1,0,0,0,0,0,1,148,160,+1.5(-140),8.5,-110,8.5,105
505,904,H,PHI,Z EFLIN -R,2,0,0,0,0,5,0,0,x,7,-170,-170,-1.5(+120),8.5,-110,8.5,-125
505,905,V,NYM,J VARGAS -L,0,0,0,0,1,0,1,0,0,2,125,160,+1.5(-126),9,-110,9,-120
505,906,H,MIL,Z DAVIES -R,0,0,3,0,0,0,0,0,x,3,-145,-170,-1.5(+106),9,-110,9,100
505,907,V,ARI,Z GREINKE -R,0,1,2,0,0,2,0,2,0,7,100,129,+1.5(-165),9.5,-110,9.5,-110
505,908,H,COL,G MARQUEZ -R,1,0,0,0,2,0,0,5,x,8,-120,-139,-1.5(+144),9.5,-110,9.5,-110
505,909,V,LAD,K MAEDA -R,0,0,0,0,3,0,0,2,0,5,-130,-123,-1.5(+139),8,-110,8,-120
505,910,H,SDG,N MARGEVICIUS -L,1,1,0,2,0,0,0,0,4,8,110,113,+1.5(-159),8,-110,8,100
505,911,V,SFO,J SAMARDZIJA -R,0,0,0,0,0,4,0,0,2,6,144,163,+1.5(-130),8,-110,8,-110
505,912,H,CIN,L CASTILLO -R,4,0,0,0,0,0,0,0,1,5,-165,-176,-1.5(+110),8,-110,8,-110
505,913,V,STL,A WAINWRIGHT -R,0,0,0,0,0,2,0,0,3,5,120,113,+1.5(-148),9.5,-110,-110,-110
505,914,H,CUB,J QUINTANA -L,0,1,0,0,2,3,1,6,x,13,-140,-123,-1.5(+128),9.5,-110,-110,-110
505,917,V,MIN,M PINEDA -R,0,0,0,1,0,0,0,0,x,1,130,129,+1.5(-163),8.5,-110,8.5,-110
505,918,H,NYY,D GERMAN -R,0,2,0,2,0,0,0,x,x,4,-150,-139,-1.5(+143),8.5,-110,8.5,-110
505,919,V,SEA,E Swanson -R,4,1,0,3,2,0,0,0,0,10,110,132,+1.5(-170),9,-110,9,-125
505,920,H,CLE,CO ANDERSON -R,0,0,0,0,0,0,0,0,0,0,-130,-142,-1.5(+148),9,-110,9,105
505,921,V,KAN,B KELLER -R,0,1,0,0,0,0,0,1,0,2,105,108,+1.5(-195),8,-110,8.5,-115
505,922,H,DET,S TURNBULL -R,0,0,1,0,1,0,0,0,0,5,-125,-118,-1.5(+166),8,-110,8.5,-105
505,923,V,BOS,R PORCELLO -R,0,1,0,0,1,0,0,7,0,9,-175,-140,-1.5(+115),9.5,-110,9.5,-105
505,924,H,CWS,D COVEY -R,0,0,0,0,1,1,0,0,0,2,151,130,+1.5(-135),9.5,-110,9.5,-115
505,925,V,TOR,C BUCHHOLZ -R,0,0,1,0,0,0,1,0,0,2,105,124,+1.5(-166),-110,-110,-110,-110
505,926,H,TEX,D SMYLY -L,0,3,3,1,1,2,0,0,x,10,-125,-134,-1.5(+145),-110,-110,-110,-110
505,927,V,HOU,J VERLANDER -R,0,2,0,0,4,0,0,1,3,10,-190,-215,-1.5(-154),8.5,-110,-105,-115
505,928,H,LAA,M HARVEY -R,1,2,0,0,0,0,1,0,0,4,163,195,+1.5(+134),8.5,-110,-105,-105
505,929,V,OAK,F MONTAS -R,0,0,0,0,0,0,1,0,0,3,-115,-112,-1.5(+148),8.5,-110,8,100
505,930,H,PIT,J LYLES -R,0,1,0,0,0,0,0,0,0,5,-105,102,+1.5(-170),8.5,-110,8,-120